sku_id,master_model_id,slug,source,in_stock,price_inr,stored_config,listing_says,action,title,url
91,27,aeromodellingtutor-eagle-p-rc-bird,aeromodellingtutor,1,9211,kit,not stated,owner: check the listing; shown as not stated,Aeromodellingtutor RC Bird 3 Channel,https://aeromodellingtutor.in/products/aeromodellingtutor-rc-bird-3-channel
97,116,aeromodellingtutor-pt19-sparingly-used-model-like-new,aeromodellingtutor,1,9000,kit,not stated,owner: check the listing; shown as not stated,PT19 Sparingly used model like NEW,https://aeromodellingtutor.in/products/pt19-sparingly-used-model-like-new
487,373,aeroworks-extra-260-85-50cc,aeromodellingtutor,0,200000,kit,not stated,owner: check the listing; shown as not stated,"Semi-scale Aeroworks 85"" 50 cc Extra 260",https://aeromodellingtutor.in/products/semi-scale-aeroworks-85-50-cc-extra-260
483,369,beautiful-stick-35cc,aeromodellingtutor,0,95000,kit,not stated,owner: check the listing; shown as not stated,Beautiful Stick 35cc,https://aeromodellingtutor.in/products/beautiful-stick-35cc1
464,351,extra-260-3d-1-5m,aeromodellingtutor,0,26789,kit,arf,keep kit: shown as ARF from the title,Extra 260 ARF 1.5M 3d Aircraft,https://aeromodellingtutor.in/products/extra-260-arf-1-5m-3d-aircraft
463,350,extra-330-aerobatic-3d-1m,aeromodellingtutor,0,17890,kit,arf,keep kit: shown as ARF from the title,Extra 330 Aerobatic 3D ARF Aircraft 1m,https://aeromodellingtutor.in/products/extra-330-aerobatic-3d-arf-aircraft-1m
404,309,flamingo-balsa-glider,aeromodellingtutor,0,10000,kit,not stated,owner: check the listing; shown as not stated,Soaring Flamingo Balsa Glider,https://aeromodellingtutor.in/products/soaring-flamingo-balsa-glider
709,501,fms-nitro-high-wing-1-6m-lightweight-arf-rc-trainer-aircraft,aeromodellingtutor,1,12346,kit,arf,keep kit: shown as ARF from the title,"Nitro High Wing 1.6M Lightweight ARF RC Trainer Aircraft – 63""",https://aeromodellingtutor.in/products/nitro-high-wing-1-6m-lightweight-arf-rc-trainer
708,505,fms-pilot-rc-matrix-90mm-foam-jet,aeromodellingtutor,1,45679,kit,not stated,owner: check the listing; shown as not stated,Pilot-RC Matrix 90mm Foam Jet – 6S/8S EDF & Turbine Ready,https://aeromodellingtutor.in/products/pilot-rc-matrix-90mm-foam-jet-edf-turbine
486,372,great-planes-pitts-special-1-3-scale,aeromodellingtutor,0,115000,kit,not stated,owner: check the listing; shown as not stated,Great Planes Pitts Special,https://aeromodellingtutor.in/products/great-planes-pitts-special
477,162,hangar-9-ultra-stick-30cc-81,aeromodellingtutor,0,48000,kit,arf,keep kit: shown as ARF from the title,Ultra Stick 30cc ARF 81″,https://aeromodellingtutor.in/products/xn-ultra-stick-30cc-arf-81-t82na-c34920
365,281,rc-factory-air-truck-blue,aeromodellingtutor,0,15000,kit,not stated,owner: check the listing; shown as not stated,RC FACTORY AIR TRUCK GREEN,https://aeromodellingtutor.in/products/rc-factory-air-truck-green
366,281,rc-factory-air-truck-blue,aeromodellingtutor,0,15000,kit,not stated,owner: check the listing; shown as not stated,RC FACTORY AIR TRUCK BLUE,https://aeromodellingtutor.in/products/rc-factory-air-truck-blue
367,281,rc-factory-air-truck-blue,aeromodellingtutor,0,15000,kit,not stated,owner: check the listing; shown as not stated,RC FACTORY AIR TRUCK ORANGE,https://aeromodellingtutor.in/products/rc-factory-air-truck-orange
707,504,rc-factory-ares-xl-epp-rc-fighter-aircraft-1000mm-outdoor,aeromodellingtutor,1,29877,kit,not stated,owner: check the listing; shown as not stated,RC Factory Ares XL EPP RC Fighter Aircraft 1000mm Outdoor,https://aeromodellingtutor.in/products/rc-factory-ares-xl-epp-rc-fighter-aircraft-1000mm-outdoor
368,284,rc-factory-crack-pitts-xl-blue,aeromodellingtutor,0,14000,kit,not stated,owner: check the listing; shown as not stated,RC FACTORY CRACK PITTS XL YELLOW,https://aeromodellingtutor.in/products/rc-factory-crack-pitts-xl-61f37d75-ea36-46f8-b767-b868cb0d4d81
370,284,rc-factory-crack-pitts-xl-blue,aeromodellingtutor,0,14000,kit,not stated,owner: check the listing; shown as not stated,RC FACTORY CRACK PITTS XL BLUE,https://aeromodellingtutor.in/products/rc-factory-crack-pitts-xl
111,40,rc-factory-crack-turbo-beaver,aeromodellingtutor,0,9000,kit,not stated,owner: check the listing; shown as not stated,RC FACTORY CRACK TURBO BEAVER RED,https://aeromodellingtutor.in/products/rc-factory-crack-turbo-beaver-red
351,42,rc-factory-crack-yak-xl,aeromodellingtutor,0,18000,kit,not stated,owner: check the listing; shown as not stated,RC FACTORY CRACK YAK XL GREEN ORANGE,https://aeromodellingtutor.in/products/rc-factory-crack-yak-xl-green-orange
352,275,rc-factory-crack-yak-xl-blue-gold,aeromodellingtutor,0,18000,kit,not stated,owner: check the listing; shown as not stated,RC FACTORY CRACK YAK XL BLUE GOLD,https://aeromodellingtutor.in/products/rc-factory-crack-yak-xl-blue-gold
373,285,rc-factory-edge-540-v3,aeromodellingtutor,0,11500,kit,not stated,owner: check the listing; shown as not stated,RC FACTORY EDGE 540 V3,https://aeromodellingtutor.in/products/rc-factory-edge-540-v3
109,39,rc-factory-edge-540t,aeromodellingtutor,0,11000,kit,not stated,owner: check the listing; shown as not stated,RC FACTORY EDGE 540T HOT RED,https://aeromodellingtutor.in/products/rc-factory-edge-540t-hot-red
107,38,rc-factory-extra-330,aeromodellingtutor,0,10000,kit,not stated,owner: check the listing; shown as not stated,RC FACTORY EXTRA 330 AEROBATICS,https://aeromodellingtutor.in/products/rc-factory-extra-330-aerobatics
376,290,rc-factory-mustang-red,aeromodellingtutor,0,7500,kit,not stated,owner: check the listing; shown as not stated,RC FACTORY MUSTANG YELLOW,https://aeromodellingtutor.in/products/rc-factory-mustang-yellow-0cea78e8-5a80-4f36-91c4-fb92583081c4
383,290,rc-factory-mustang-red,aeromodellingtutor,0,7500,kit,not stated,owner: check the listing; shown as not stated,RC FACTORY MUSTANG RED,https://aeromodellingtutor.in/products/rc-factory-mustang-red
106,37,rc-factory-mxs-c-mini,aeromodellingtutor,0,6500,kit,not stated,owner: check the listing; shown as not stated,RC FACTORY MXS-C (MINI),https://aeromodellingtutor.in/products/rc-factory-mxs-c-mini
381,289,rc-factory-nemesis-blue,aeromodellingtutor,0,7500,kit,not stated,owner: check the listing; shown as not stated,RC FACTORY NEMESIS BLUE,https://aeromodellingtutor.in/products/rc-factory-nemesis-blue
378,288,rc-factory-nemesis-purple,aeromodellingtutor,0,7500,kit,not stated,owner: check the listing; shown as not stated,RC FACTORY NEMESIS PURPLE,https://aeromodellingtutor.in/products/rc-factory-nemesis-purple-d45d1a88-623a-415f-90ba-67226eda2293
114,41,rc-factory-revolto,aeromodellingtutor,0,18000,kit,not stated,owner: check the listing; shown as not stated,RC FACTORY REVOLTO BLUE,https://aeromodellingtutor.in/products/rc-factory-revolto-blue
115,41,rc-factory-revolto,aeromodellingtutor,0,18000,kit,not stated,owner: check the listing; shown as not stated,RC FACTORY REVOLTO GREEN,https://aeromodellingtutor.in/products/rc-factory-revolto-green
359,278,rc-factory-stigra-blue,aeromodellingtutor,0,16000,kit,not stated,owner: check the listing; shown as not stated,RC FACTORY STIGRA ORANGE,https://aeromodellingtutor.in/products/rc-factory-stigra-orange
360,278,rc-factory-stigra-blue,aeromodellingtutor,0,16000,kit,not stated,owner: check the listing; shown as not stated,RC FACTORY STIGRA BLUE,https://aeromodellingtutor.in/products/rc-factory-stigra-blue
361,278,rc-factory-stigra-blue,aeromodellingtutor,0,16000,kit,not stated,owner: check the listing; shown as not stated,RC FACTORY STIGRA GREEN,https://aeromodellingtutor.in/products/rc-factory-stigra-green
354,276,rc-factory-super-extra-l-bull,aeromodellingtutor,0,11000,kit,not stated,owner: check the listing; shown as not stated,RC FACTORY SUPER EXTRA L BULL,https://aeromodellingtutor.in/products/rc-factory-super-extra-l-bull
374,291,rc-factory-veloxity-red,aeromodellingtutor,0,17500,kit,not stated,owner: check the listing; shown as not stated,RC FACTORY VELOXITY GREEN,https://aeromodellingtutor.in/products/rc-factory-veloxity-green-e6ca2447-27b8-4004-b8f8-4968b37c3eee
385,291,rc-factory-veloxity-red,aeromodellingtutor,0,17500,kit,not stated,owner: check the listing; shown as not stated,RC FACTORY VELOXITY RED,https://aeromodellingtutor.in/products/rc-factory-veloxity-red
460,172,seagull-classic-ugly-stick-71,aeromodellingtutor,1,34568,kit,arf,keep kit: shown as ARF from the title,"Seagull Classic Ugly Stick 71"" ARF .75 - 15cc",https://aeromodellingtutor.in/products/seagull-classic-ugly-stick-71-arf-75-15cc
461,173,seagull-edge-540-68,aeromodellingtutor,0,22669,kit,not stated,owner: check the listing; shown as not stated,"Seagull Edge 540 .60-.90 ( 15-20cc) 68""",https://aeromodellingtutor.in/products/seagull-edge-540-60-90-15-20cc-68
471,173,seagull-edge-540-68,aeromodellingtutor,0,22669,kit,not stated,owner: check the listing; shown as not stated,Seagull Edge 540 60-91,https://aeromodellingtutor.in/products/seagull-edge-540-60-91
458,185,seagull-low-wing-sport-v2-60,aeromodellingtutor,0,14988,kit,not stated,owner: check the listing; shown as not stated,"Seagull 10cc Low Winger Sport V2 60""",https://aeromodellingtutor.in/products/seagull-10cc-low-winger-sport-v2-60
84,195,seagull-models-2000-glider-2m,aeromodellingtutor,0,21235,kit,not stated,owner: check the listing; shown as not stated,Seagull 2000 Glider,https://aeromodellingtutor.in/products/seagull-2000-glider
459,346,seagull-models-cessna-aerobat-80,aeromodellingtutor,0,49877,kit,arf,keep kit: shown as ARF from the title,"Seagull Cessna Aerobat 80"" 15-20CC ( .75 - .90 Nitro) ARF",https://aeromodellingtutor.in/products/seagull-cessna-aerobat-80-15-20cc-75-90-nitro-arf-5ee832
481,367,seagull-models-champion-xtreme-decathlon-v2-122-60-85cc,aeromodellingtutor,1,154500,kit,arf,keep kit: shown as ARF from the title,"Seagull Champion Xtreme Decathlon V2 ARF 122"" 60-85CC",https://aeromodellingtutor.in/products/seagull-champion-xtreme-decathlon-v2-arf-122-60-85cc
480,363,seagull-models-extreme-decathlon-79,aeromodellingtutor,1,38765,kit,not stated,owner: check the listing; shown as not stated,"Seagull Extreme Decathlon 79"" 20cc",https://aeromodellingtutor.in/products/seagull-extreme-decathlon-79-20cc
474,361,seagull-models-piper-j-3-cub-15-20cc,aeromodellingtutor,0,29877,kit,not stated,owner: check the listing; shown as not stated,"Piper J-3 CUB 88.2"" - 15-20cc Seagull Models",https://aeromodellingtutor.in/products/piper-j-3-cub-88-2-15-20cc-sea74n-seagull-models-23a735
479,365,senior-telemaster,aeromodellingtutor,1,22500,kit,not stated,owner: check the listing; shown as not stated,Senior Telemaster (Pre-owned),https://aeromodellingtutor.in/products/senior-telemaster-pre-owned-6fe0b0
490,376,sig-astro-hog-15cc-gas,aeromodellingtutor,0,100000,kit,not stated,owner: check the listing; shown as not stated,SIG Models Astro Hog GAS 15CC,https://aeromodellingtutor.in/products/sig-models-astro-hog
485,371,sig-spacewalker-1-3,aeromodellingtutor,0,120000,kit,not stated,owner: check the listing; shown as not stated,SIG Spacewalker 1/3,https://aeromodellingtutor.in/products/sig-spacewalker-1-3
484,370,telemaster-96,aeromodellingtutor,0,110000,kit,not stated,owner: check the listing; shown as not stated,"Telemaster 96""",https://aeromodellingtutor.in/products/telemaster-96
694,72,xuwing-albabird-xl-vtol,anubisrc,1,124999,kit,pnp,set config to 'pnp' (in SQL),XUWING ALBABIRD-XL 1500MM VTOL FPV PNP KIT(X4+1 PNP COMBO),https://anubisrc.com/product/xuwing-albabird-xl-1500mm-vtol-fpv-pnp-kitx41-pnp-combo
716,518,tbs-chupito-crash-a-lot-set,drkstore,1,34499,kit,not stated,owner: check the listing; shown as not stated,TBS Chupito Crash A Lot Set,https://www.drkstore.in/tbs-chupito-crash-a-lot-set
213,147,aeroworks-extra-260-35pct,flightmode,0,149718,kit,arf,keep kit: shown as ARF from the title,Aeroworks 35% Extra 260 ARF QB,https://www.flightmode.co.in/products/aeroworks-35-extra-260-arf-qb
409,182,cap-232-46-size,flightmode,0,26412,kit,arf,keep kit: shown as ARF from the title,Cap 232 .46 Size ARF,https://www.flightmode.co.in/products/cap-232-46-size-arf
244,174,extra-300s-62,flightmode,0,37291,kit,not stated,owner: check the listing; shown as not stated,"Extra 300S .61-.75 size 62.5""",https://www.flightmode.co.in/products/extra-300s-61-75-size-62-5
231,163,extreme-flight-edge-540-74,flightmode,0,69360,kit,not stated,owner: check the listing; shown as not stated,"Extreme Flight 3DHS EDGE 540 74"" RED",https://www.flightmode.co.in/products/extreme-flight-3dhs-edge-540-74-red
211,145,extreme-flight-slick-104,flightmode,0,81090,kit,not stated,owner: check the listing; shown as not stated,"Extreme Flight 3DHS SLICK AJ 104"" 100CC",https://www.flightmode.co.in/products/extreme-flight-3dhs-slick-aj-104-100cc
222,156,extreme-flight-slick-580-74,flightmode,0,148200,kit,not stated,owner: check the listing; shown as not stated,"Extreme Flight 74"" Slick 580 EXP- Yellow/Blue",https://www.flightmode.co.in/products/extreme-flight-74-slick-580-exp-yellow-blue
234,166,hangar-9-carbon-cub-15cc-90,flightmode,0,64863,kit,arf,keep kit: shown as ARF from the title,"Carbon Cub 15cc ARF 90""",https://www.flightmode.co.in/products/carbon-cub-15cc-arf-90
249,178,hangar-9-cessna-turbo-skylane-182-69,flightmode,0,28954,kit,not stated,owner: check the listing; shown as not stated,"Cessna Turbo Skylane 182 10cc 69"" Blue",https://www.flightmode.co.in/products/cessna-turbo-skylane-182-10cc-69-blue
246,175,hangar-9-ultra-stick-10cc-60,flightmode,0,35915,kit,arf,keep kit: shown as ARF from the title,"Ultra Stick 10cc ARF 60""",https://www.flightmode.co.in/products/ultra-stick-10cc-arf-60
229,162,hangar-9-ultra-stick-30cc-81,flightmode,0,76000,kit,arf,keep kit: shown as ARF from the title,"Hangar 9 Ultra Stick 30cc ARF, 81""",https://www.flightmode.co.in/products/hangar-9-ultra-stick-30cc-arf-81
237,162,hangar-9-ultra-stick-30cc-81,flightmode,0,57160,kit,arf,keep kit: shown as ARF from the title,"Ultra Stick 30cc ARF 81""",https://www.flightmode.co.in/products/ultra-stick-30cc-arf-81
407,180,isport-low-wing-65,flightmode,0,28652,kit,arf,keep kit: shown as ARF from the title,"ISPORT Low Wing 65""ARF 10-15CC",https://www.flightmode.co.in/products/isport-low-wing-65arf-10-15cc
239,170,nieuport-28-20cc-68,flightmode,0,50815,kit,not stated,owner: check the listing; shown as not stated,"Nieuport 28 1/5 Scale 20cc 68""",https://www.flightmode.co.in/products/nieuport-28-1-5-scale-20cc-68
224,158,pilot-rc-extra-330sc-78,flightmode,0,97256,kit,not stated,owner: check the listing; shown as not stated,Pilot RC Extra 330SC – 78'' (1.98m),https://www.flightmode.co.in/products/pilot-rc-extra-330sc-78-1-98m
228,161,pilot-rc-extra-ng-78,flightmode,0,94507,kit,not stated,owner: check the listing; shown as not stated,Pilot RC Extra NG – 78'' (1.97m),https://www.flightmode.co.in/products/pilot-rc-extra-ng-78-1-97m
225,159,pilot-rc-laser-73,flightmode,0,97256,kit,not stated,owner: check the listing; shown as not stated,Pilot RC Laser – 73'' (1.85m) Yellow/Black,https://www.flightmode.co.in/products/pilot-rc-laser-73-1-85m-yellow-black
227,159,pilot-rc-laser-73,flightmode,0,94857,kit,not stated,owner: check the listing; shown as not stated,Pilot RC Laser – 73'' (1.85m) Yellow/Blue,https://www.flightmode.co.in/products/pilot-rc-laser-73-1-85m-yellow-blue
230,159,pilot-rc-laser-73,flightmode,0,92403,kit,not stated,owner: check the listing; shown as not stated,Pilot RC Laser – 73'' (1.85m) Red/White,https://www.flightmode.co.in/products/pilot-rc-laser-73-1-85m-red-white
226,160,pilot-rc-slick-74,flightmode,0,96085,kit,not stated,owner: check the listing; shown as not stated,Pilot RC Slick – 74 (1.88m) Green and Blue,https://www.flightmode.co.in/products/pilot-rc-slick-74-1-88m-green-and-blue
408,181,seagull-2000-glider-ep-2m,flightmode,0,26901,kit,arf,keep kit: shown as ARF from the title,Seagull 2000 Glider EP 2m ARF,https://www.flightmode.co.in/products/seagull-2000-glider-ep-2m-arf
415,188,seagull-arising-star-v2-63,flightmode,0,19200,kit,not stated,owner: check the listing; shown as not stated,"Arising Star V2 40-46 Trainer 63""",https://www.flightmode.co.in/products/arising-star-v2-40-46-trainer-63
413,186,seagull-boomerang-v3-trainer-61,flightmode,0,20101,kit,arf,keep kit: shown as ARF from the title,"SEAGULL Boomerang V3 Trainer 61"" ARF .46 2-stroke",https://www.flightmode.co.in/products/seagull-boomerang-v3-trainer-61-arf-46-2-stroke
235,167,seagull-cessna-208-caravan-85,flightmode,0,64075,kit,not stated,owner: check the listing; shown as not stated,"CESSNA 208 EX FEDEX FEEDER 85"" 35- 40CC",https://www.flightmode.co.in/products/cessna-208-ex-fedex-feeder-85-35-40cc
242,172,seagull-classic-ugly-stick-71,flightmode,0,41001,kit,arf,keep kit: shown as ARF from the title,"Seagull Classic Ugly Stick Blue 71"" ARF",https://www.flightmode.co.in/products/seagull-classic-ugly-stick-blue-71-arf
212,146,seagull-corsair-f4u-goodyear-87,flightmode,0,165500,kit,arf,keep kit: shown as ARF from the title,"Seagull Giant Scale Corsair F4U Goodyear 50-60cc ARF 87""",https://www.flightmode.co.in/products/seagull-giant-scale-corsair-f4u-goodyear-50-60cc-arf-87
243,173,seagull-edge-540-68,flightmode,0,38473,kit,not stated,owner: check the listing; shown as not stated,"Seagull Edge-540 .60-.90 (15-20cc) 1.73m 68""",https://www.flightmode.co.in/products/seagull-edge-540-60-90-15-20cc-1-73m-68
218,152,seagull-extra-330lx-82,flightmode,0,110025,kit,arf,keep kit: shown as ARF from the title,"Seagull Extra 330LX 3D 82.1"" ARF 50-60cc",https://www.flightmode.co.in/products/seagull-extra-330lx-3d-82-1-arf-50-60cc
412,185,seagull-low-wing-sport-v2-60,flightmode,0,21415,kit,arf,keep kit: shown as ARF from the title,"SEAGULL Low Wing Sport V2 60"" ARF 46 2-stroke",https://www.flightmode.co.in/products/seagull-low-wing-sport-v2-60-arf-46-2-stroke
240,346,seagull-models-cessna-aerobat-80,flightmode,0,48960,kit,arf,keep kit: shown as ARF from the title,"Seagull Cessna 152 Aerobat 80"" ARF 15-20cc (.75-.91 Nitro)",https://www.flightmode.co.in/products/seagull-cessna-152-aerobat-80-arf-15-20cc-75-91-nitro
247,361,seagull-models-piper-j-3-cub-15-20cc,flightmode,0,34538,kit,not stated,owner: check the listing; shown as not stated,"J-3 Cub 20cc 88.2""",https://www.flightmode.co.in/products/j-3-cub-20cc-88-2
232,164,seagull-nemesis-nxt-f1-80,flightmode,0,67619,kit,arf,keep kit: shown as ARF from the title,"Seagull Nemesis NXT F1 Air Race 80.5"" ARF 50-60cc",https://www.flightmode.co.in/products/seagull-nemesis-nxt-f1-air-race-80-5-arf-50-60cc
233,165,seagull-p-47d-little-bunny-55,flightmode,0,66246,kit,not stated,owner: check the listing; shown as not stated,"Little Bunny P-47D 55"" 10cc",https://www.flightmode.co.in/products/little-bunny-p-47d-55-10cc
223,157,seagull-p-51d-71,flightmode,0,97959,kit,arf,keep kit: shown as ARF from the title,"Seagull P-51D Charlotte’s Chariot II 71"" ARF 30cc",https://www.flightmode.co.in/products/seagull-p-51d-charlottes-chariot-ii-71-arf-30cc
411,184,seagull-pilatus-pc-9-roulette-60,flightmode,0,23971,kit,not stated,owner: check the listing; shown as not stated,"Pilatus PC-9 Roulette 60.6""",https://www.flightmode.co.in/products/pilatus-pc-9-roulette-60-6
216,150,seagull-shock-cub-102,flightmode,1,113924,kit,arf,keep kit: shown as ARF from the title,"Seagull Shock Cub Yellow 35-55cc 102"" ARF",https://www.flightmode.co.in/products/seagull-shock-cub-yellow-35-55cc-102-arf
214,148,seagull-spitfire-battle-of-britain-55cc,flightmode,0,130862,kit,not stated,owner: check the listing; shown as not stated,Seagull Spitfire Giant Scale Battle of Britain 55cc Matte,https://www.flightmode.co.in/products/seagull-spitfire-giant-scale-battle-of-britain-55cc-matte
221,155,seagull-supermarine-spitfire-80,flightmode,0,108573,kit,not stated,owner: check the listing; shown as not stated,"Seagull Super marine Spitfire 80"" 35-45cc",https://www.flightmode.co.in/products/seagull-super-marine-spitfire-80-35-45cc
416,189,seagull-swift-v2-trainer-63,flightmode,0,18341,kit,arf,keep kit: shown as ARF from the title,"SWIFT V2 TRAINER V2 63""ARF .46",https://www.flightmode.co.in/products/swift-v2-trainer-v2-63arf-46
215,149,seagull-westland-lysander-118,flightmode,0,123839,kit,arf,keep kit: shown as ARF from the title,"Seagull WESTLAND LYSANDER 118"" ARF 50-60cc",https://www.flightmode.co.in/products/seagull-westland-lysander-118-arf-50-60cc
217,151,skywing-extra-ng-74,flightmode,0,111675,kit,not stated,owner: check the listing; shown as not stated,"SKYWING 74"" Extra NG 35CC/120E 1.88M",https://www.flightmode.co.in/products/skywing-74-extra-ng-35cc-120e-1-88m
220,154,skywing-slick-360-73,flightmode,0,109221,kit,arf,keep kit: shown as ARF from the title,"SKYWING 73""Slick360 35CC/120E 1.85M - ARF",https://www.flightmode.co.in/products/skywing-73slick360-35cc-120e-1-85m-arf
410,183,spacewalker-ii-63,flightmode,0,25302,kit,not stated,owner: check the listing; shown as not stated,"Spacewalker II .46-.55 size 63""",https://www.flightmode.co.in/products/spacewalker-ii-46-55-size-63
280,225,flyingmachines-flying-star-wifi,flyingmachines,0,3400,kit,not stated,owner: check the listing; shown as not stated,FM Flying Star WIFI Beginner RC Plane,https://flyingmachines.in/product/fm-flying-star-600mm
278,223,flyingmachines-piper-cub-1200,flyingmachines,1,2500,kit,not stated,owner: check the listing; shown as not stated,FM Piper Cub 1200 Beginner RC plane 1200mm wingspan,https://flyingmachines.in/product/fm-piper-cub-1200-beginner
279,224,flyingmachines-simple-cub-1000,flyingmachines,1,1800,kit,not stated,owner: check the listing; shown as not stated,FM Simple Cub 1000 Beginner RC plane 1000mm wingspan,https://flyingmachines.in/product/fm-simple-cub-1000-beginner-rc-plane
268,29,fms-ranger-1220,flyingmachines,1,32000,kit,not stated,owner: check the listing; shown as not stated,FMS Ranger 1220mm Premium RC Airplane – High-Lift Beginner Trainer with Reflex Stabilization,https://flyingmachines.in/product/fms-ranger-1220mm-rc-airplane
295,234,hand-launch-electric-glider-epp,flyingmachines,0,399,kit,not stated,owner: check the listing; shown as not stated,Hand Launch Electric Glider – EPP Foam Hand-Launch Glider Airplane,https://flyingmachines.in/product/hand-launch-electric-glider
304,238,hand-launch-throwing-glider-epp-big,flyingmachines,0,289,kit,not stated,owner: check the listing; shown as not stated,Hand Launch Throwing Glider EPP Foam Big Size,https://flyingmachines.in/product/hand-launch-throwing-glider-epp-foam
296,235,hand-launch-usb-electric-glider-biplane-epp,flyingmachines,0,289,kit,not stated,owner: check the listing; shown as not stated,Hand Launch USB Electric Power Glider – EPP Foam Biplane,https://flyingmachines.in/product/hand-launch-usb-electric-power-glider
346,269,su-27-scale-jet,flyingmachines,1,8000,kit,not stated,owner: check the listing; shown as not stated,Sukhoi SU-27 Jet Fighter RC Airplane – High-Performance Scale Jet,https://flyingmachines.in/product/sukhoi-su-27-jet-fighter
285,135,volantex-ranger-2000-v757-8-2000mm-wingspan-epo-fpv-aircraft,flyingmachines,1,22750,kit,pnp,set config to 'pnp' (in SQL),Volantex Ranger 2000 V757-8 2000mm Wingspan EPO FPV Aircraft RC Airplane PNP,https://flyingmachines.in/product/volantex-ranger-2000
283,137,volantex-rc-asw28-v2-2-6m-plastic-unibody-scale-glider-759-1,flyingmachines,1,24500,kit,pnp,set config to 'pnp' (in SQL),Volantex RC ASW28 V2 2.6m Plastic Unibody Scale Glider 759-1 PNP,https://flyingmachines.in/product/volantex-rc-asw28
270,126,volantex-rc-jet-f-16-falcon-2-ch-rc-plane-red,flyingmachines,1,8500,kit,rtf,set config to 'rtf' (in SQL),VolantexRC F-16 Fighting Falcon RC Jet – Ready-to-Fly Trainer Jet with LED Lights & Xpilot Stabilizer,https://flyingmachines.in/product/volantexrc-f-16-fighting-falcon-rtf
272,140,volantex-rc-mini-trainstar-400mm-6-axis-gyro-airplane-761-1-,flyingmachines,1,11999,kit,rtf,set config to 'rtf' (in SQL),Volantex RC Mini Trainstar 400mm 6-Axis Gyro Airplane 761-1 RTF,https://flyingmachines.in/product/volantex-rc-mini-trainstar
271,141,volantex-rc-mustang-p51d-750mm-warbird-768-1-rtf,flyingmachines,1,19700,kit,rtf,set config to 'rtf' (in SQL),Volantex RC Mustang P51D 750mm Warbird 768-1 RTF – Beginner-Friendly Aerobatic RC Airplane,https://flyingmachines.in/product/volantex-rc-mustang-p51d
269,143,volantex-rc-p-51d-mustang-beginner-rc-airplane-with-stabiliz,flyingmachines,1,10500,kit,rtf,set config to 'rtf' (in SQL),VolantexRC P-51D Mustang Beginner RC Airplane with Stabilization – Ready-to-Fly,https://flyingmachines.in/product/volantexrc-p51d-mustang-beginner-rcplane
297,132,volantex-rc-phoenix-2000-v2-soar-to-new-heights-with-precisi,flyingmachines,1,22200,kit,not stated,owner: check the listing; shown as not stated,Volantex RC Phoenix 2000 V2: Soar to New Heights with Precision and Power,https://flyingmachines.in/product/volantex-rc-phoenix-2000-v2-rc-glider
282,138,volantex-rc-phoenix-2400-6-channel-glider-with-2400-mm-wings,flyingmachines,0,26400,kit,pnp,set config to 'pnp' (in SQL),Volantex RC Phoenix 2400 6 Channel Glider With 2400 mm Wings 759-3 PNP,https://flyingmachines.in/product/volantex-rc-phoenix-2400
287,134,volantex-rc-phoenix-s-4-channel-glider-with-1600mm-wingspan-,flyingmachines,1,21250,kit,pnp,set config to 'pnp' (in SQL),Volantex RC Phoenix S 4 Channel Glider with 1600MM Wingspan and Streamline ABS Plastic Fuselage 742-7 PNP,https://flyingmachines.in/product/volantex-rc-phoenix-s
284,136,volantex-rc-ranger-2400,flyingmachines,0,35500,kit,pnp,set config to 'pnp' (in SQL),Volantex RC Ranger 2400 – Professional FPV Carrier 757-9 PNP,https://flyingmachines.in/product/volantex-rc-ranger-2400
302,129,volantex-rc-ranger-600,flyingmachines,1,13500,kit,rtf,set config to 'rtf' (in SQL),Volantex RC Ranger 600 | Ready-to-Fly Glider Plane for Beginners & Adults,https://flyingmachines.in/product/volantex-rc-ranger-600
273,139,volantex-rc-t-28-trojan-4ch-airplane-with-xpilot-stabilizer,flyingmachines,1,12500,kit,rtf,set config to 'rtf' (in SQL),VolantexRC T-28 Trojan 4CH Airplane with Xpilot Stabilizer – One-Key Aerobatic (761-9 RTF),https://flyingmachines.in/product/volantexrc-t-28-trojan
300,130,volantex-rc-trainstar-ascent-1400mm-747-8-pnp-unleash-superi,flyingmachines,1,27565,kit,pnp,set config to 'pnp' (in SQL),Volantex RC Trainstar Ascent 1400mm 747-8 PNP: Unleash Superior Performance and Control,https://flyingmachines.in/product/volantex-rc-trainstar-ascent-1400mm
294,67,x-uav-sky-surfer-v3,flyingmachines,1,13999,kit,pnp,set config to 'pnp' (in SQL),X-UAV Original Sky Surfer X8 Sunny-Sky X2212 2450kv 1400mm Wingspan(PNP),https://flyingmachines.in/product/x-uav-original-skysurfer-x8
303,67,x-uav-sky-surfer-v3,flyingmachines,1,9500,kit,not stated,owner: check the listing; shown as not stated,X-UAV Sky Surfer V3 With A2212 2200KV 1400mm Wingspan,https://flyingmachines.in/product/x-uav-original-sky-surfer-v3
440,331,airbus-a320-emirates-twin-70mm-edf,havochobby,1,62500,kit,not stated,owner: check the listing; shown as not stated,Air Bus A 320 Big - Emirates (Electric Large),https://havochobby.in/products/air-bus-a-320-big-emirates-electric-large
426,317,apple-box-electric-glider,havochobby,0,22070,kit,arf,keep kit: shown as ARF from the title,Rc Airplane Apple Box Electric Glider ARF,https://havochobby.in/products/rc-airplane-apple-box-electric-glider-rtf
612,317,apple-box-electric-glider,havochobby,0,9360,kit,not stated,owner: check the listing; shown as not stated,APPLE BOX GLIDER,https://havochobby.in/products/apple-box-glider
584,452,carf-extra-300l-2-1m,havochobby,0,125630,kit,not stated,owner: check the listing; shown as not stated,Carf Extra 300L 2.1M (V 1.0) Air Frame,https://havochobby.in/products/carf-extra-300l-2-1m-v-1-0-air-frame
500,384,carf-viper-jet,havochobby,0,852260,kit,not stated,owner: check the listing; shown as not stated,Carf Viper Jet (Experimental Training Platform),https://havochobby.in/products/carf-viper-jet
586,453,dirty-birdy-60,havochobby,0,24990,kit,arf,keep kit: shown as ARF from the title,Arf Aeromodel Dirty Birdy Kit,https://havochobby.in/products/rc-airplne-dirty-birdy-yellow-red-kit
570,438,dirty-birdy-65,havochobby,0,35750,kit,arf,keep kit: shown as ARF from the title,Rc Airplne Dirty Birdy Arf (.65Engine),https://havochobby.in/products/rc-airplne-dirty-birdy-arf
573,441,excite-1,havochobby,0,19310,kit,arf,keep kit: shown as ARF from the title,Arf Aeromodel Excite-1 (Kit),https://havochobby.in/products/arf-aeromodel-excite-1-kit
574,400,excite-ii,havochobby,0,20450,kit,arf,keep kit: shown as ARF from the title,Arf Aeromodel Excite-2 (Kit),https://havochobby.in/products/arf-aeromodel-excite-2-kit
607,400,excite-ii,havochobby,0,28790,kit,arf,keep kit: shown as ARF from the title,Arf Aeromodel Excite-Ii (.65 Engine),https://havochobby.in/products/arf-aeromodel-excite-ii-65-engine
456,343,extreme-flight-electric-outlaw-red,havochobby,0,25270,kit,arf,keep kit: shown as ARF from the title,"Extreme Flight 36"" Electric Outlaw Red ARF Kit",https://havochobby.in/products/extreme-flight-36-electric-outlaw-red-arf-kit
457,312,extreme-flight-outlaw-36in-blue,havochobby,0,25270,kit,arf,keep kit: shown as ARF from the title,"Extreme Flight 36"" Electric Outlaw Blue ARF Kit",https://havochobby.in/products/extreme-flight-36-electric-outlaw-blue-arf-kit
608,490,fms-arf-aeromodel-excite-1-46engine,havochobby,1,27720,kit,arf,keep kit: shown as ARF from the title,Arf Aeromodel Excite-1 (.46Engine),https://havochobby.in/products/arf-aeromodel-excite-1-46engine
547,26,fms-cessna-182-skylane,havochobby,0,33010,kit,not stated,owner: check the listing; shown as not stated,CESSNA SKYLANE RC PLANE,https://havochobby.in/products/cessna-skylane-rc-plane-1
623,488,fms-peacemaker-c-l-model,havochobby,1,14110,kit,not stated,owner: check the listing; shown as not stated,PEACEMAKER C/L MODEL,https://havochobby.in/products/peacemaker-c-l-model
423,314,freewing-f-16c-90mm-edf-grey,havochobby,0,122760,kit,arf,keep kit: shown as ARF from the title,"Freewing F-16C ""Grey"" 90mm EDF Jet - ARF PLUS",https://havochobby.in/products/freewing-f-16c-grey-90mm-edf-jet-arf-plus-1
332,257,goldwing-extra-330sc-50e,havochobby,0,36350,kit,arf,keep kit: shown as ARF from the title,GOLDWING ARF 57IN EXTRA 330SC 50E RC PLANE,https://havochobby.in/products/rc-goldwing-arf-57in-extra330sc-50e
512,393,goldwing-skyline-mxs-r-30cc,havochobby,0,315650,kit,not stated,owner: check the listing; shown as not stated,GOLDWING SKYLINE MXS-R 30 CC RC PLANE,https://havochobby.in/products/rc-model-aeroplane-goldwing-skyline-mxs-r-30-cc
495,379,hangar-9-aermacchi-mb-339-84-turbine-jet,havochobby,0,318180,kit,arf,keep kit: shown as ARF from the title,"Aermacchi MB-339 60-86N Scale Military Turbine Jet ARF, 84""-HAN3390B",https://havochobby.in/products/aermacchi-mb-339-60-86n-scale-military-turbine-jet-arf-84-han3390b
559,178,hangar-9-cessna-turbo-skylane-182-69,havochobby,0,34110,kit,arf,keep kit: shown as ARF from the title,"SEAGULL SEA327B CESSNA 182 SKYLANE 69""ARF .46-55 2-STROKE KIT",https://havochobby.in/products/seagull-sea327b-cessna-182-skylane-69arf-46-55-2-stroke-kit
506,175,hangar-9-ultra-stick-10cc-60,havochobby,0,55430,kit,arf,keep kit: shown as ARF from the title,"ULTRA STICK 10CC ARF 60""KIT",https://havochobby.in/products/ultra-stick-10cc-arf-60kit
510,175,hangar-9-ultra-stick-10cc-60,havochobby,1,262790,kit,arf,keep kit: shown as ARF from the title,"ULTRA STICK 10CC ARF 60"" NITRO",https://havochobby.in/products/ultra-stick-10cc-arf-60
537,162,hangar-9-ultra-stick-30cc-81,havochobby,0,95810,kit,arf,keep kit: shown as ARF from the title,"ULTRA STICK 30CC ARF 81"" GREEN & WHITE KITS",https://havochobby.in/products/ultra-stick-30cc-arf-81-green-white-kit
539,162,hangar-9-ultra-stick-30cc-81,havochobby,1,219890,kit,arf,keep kit: shown as ARF from the title,"ULTRA STICK 30CC ARF 81"" GREEN & WHITE",https://havochobby.in/products/ultra-stick-30cc-arf-81-green-white
543,415,havoc-hobby-biplane,havochobby,0,9900,kit,not stated,owner: check the listing; shown as not stated,BIPLANE RC PLANE,https://havochobby.in/products/biplane-rc-plane-1
335,259,havoc-hobby-blue-seaplane,havochobby,0,16880,kit,not stated,owner: check the listing; shown as not stated,Havoc Blue Sea Plane,https://havochobby.in/products/havoc-blue-sea-plane-1
542,414,havoc-hobby-katana-50cc-gas,havochobby,0,69880,kit,not stated,owner: check the listing; shown as not stated,Havoc Katana Rc Plane,https://havochobby.in/products/havoc-katana-rc-plane-1
548,414,havoc-hobby-katana-50cc-gas,havochobby,0,57250,kit,not stated,owner: check the listing; shown as not stated,KATANA RC PLANE,https://havochobby.in/products/katana-rc-plane
545,417,havoc-hobby-mustang-2-p-51,havochobby,0,30750,kit,not stated,owner: check the listing; shown as not stated,MUSTANG 2 RC PLANE,https://havochobby.in/products/mustang-2-rc-plane
531,404,havoc-hobby-school-marm,havochobby,0,11280,kit,not stated,owner: check the listing; shown as not stated,SCHOOL MARM RC PLANE,https://havochobby.in/products/school-marm-rc-plane
618,404,havoc-hobby-school-marm,havochobby,0,10150,kit,not stated,owner: check the listing; shown as not stated,SCHOOL MARM 2 RC PLANE,https://havochobby.in/products/school-2-marm-rc-plane
530,405,havoc-hobby-xc1,havochobby,1,75130,kit,not stated,owner: check the listing; shown as not stated,Xc1 Aircraft Model Without Electronics,https://havochobby.in/products/xc1-aircraft-model-without-electronics
527,403,havoc-jet-60-trainer,havochobby,0,26290,kit,not stated,owner: check the listing; shown as not stated,Havoc Jet 60 Trainer RC Plane,https://havochobby.in/products/havoc-jet-60-trainer-rc-plane-1
590,403,havoc-jet-60-trainer,havochobby,0,23560,kit,not stated,owner: check the listing; shown as not stated,HAVOC JET 60 TRAINER,https://havochobby.in/products/havoc-jet-60-trainer-1
569,437,havoc-premier-nitro,havochobby,0,10390,kit,not stated,owner: check the listing; shown as not stated,Havoc Premier Nitro,https://havochobby.in/products/havoc-premier-nitro
587,454,havoc-primere-electric-balsa-model,havochobby,0,11040,kit,not stated,owner: check the listing; shown as not stated,Havoc Primere Electrical Model,https://havochobby.in/products/havoc-primere-electrical-model
568,436,havoc-red-yellow-nitro-plane,havochobby,0,13630,kit,not stated,owner: check the listing; shown as not stated,Havoc Red-Yellow Nitro Plane,https://havochobby.in/products/havoc-red-yellow-nitro-plane-1
536,410,hornet-15-nitro,havochobby,0,22720,kit,arf,keep kit: shown as ARF from the title,HORNET NITRO PLANE 15 ARF,https://havochobby.in/products/hornet-nitro-plane-15-arf
535,409,kyosho-calmato-alpha-40-trainer,havochobby,0,13620,kit,not stated,owner: check the listing; shown as not stated,KYOSHO-CALMATO ALPHA 40 TRAINER,https://havochobby.in/products/kyosho-calmato-alpha-40-trainer-1
345,268,mini-t-45-goshawk-50mm-edf,havochobby,0,10870,kit,not stated,owner: check the listing; shown as not stated,Mini T-45 Goshawk 50Mm Edf (White Scheme),https://havochobby.in/products/mini-t-45-goshawk-50mm-edf-white-scheme
582,450,miss-universe,havochobby,1,24670,kit,arf,keep kit: shown as ARF from the title,Rc Airplane Miss Universe Nitro Model Arf,https://havochobby.in/products/rc-airplane-miss-universe-nitro-model-arf
627,450,miss-universe,havochobby,0,16750,kit,not stated,owner: check the listing; shown as not stated,MISS UNIVERSE RC PLANE,https://havochobby.in/products/miss-universe-rc-plane
580,448,miss-world-2,havochobby,0,24670,kit,arf,keep kit: shown as ARF from the title,Rc Airplane Miss World 2 Nitro Model Arf,https://havochobby.in/products/rc-airplane-miss-world-2-nitro-model-arf
591,512,nitro-model-f-16-fighting-falcon-pusher-1050,havochobby,0,30810,kit,not stated,owner: check the listing; shown as not stated,USAF F-16 01568 RC PLANE,https://havochobby.in/products/exh-deflector-35-90-size-45-degree
504,388,ok-model-cavalier-classic,havochobby,0,94700,kit,arf,keep kit: shown as ARF from the title,OK MODEL CAVALIER CLASSIC NITRO PLANE ARF KITS,https://havochobby.in/products/ok-model-cavalier-classic-nitro-plane-arf-kits
514,388,ok-model-cavalier-classic,havochobby,1,97350,kit,arf,keep kit: shown as ARF from the title,OK MODEL CAVALIER CLASSIC NITRO PLANE ARF,https://havochobby.in/products/ok-model-cavalier-classic-nitro-plane-arf
425,316,orange-box-glider,havochobby,0,22070,kit,arf,keep kit: shown as ARF from the title,Rc Airplane Orange Box Glider ARF,https://havochobby.in/products/rc-plane-orange-box-glider-electric-rtf
625,316,orange-box-glider,havochobby,0,8170,kit,not stated,owner: check the listing; shown as not stated,ORANGE BOX RC PLANE,https://havochobby.in/products/orange-box-rc-plane
585,402,p-51-mustang-dago-red-60,havochobby,0,41540,kit,arf,keep kit: shown as ARF from the title,Mustang Dago Red 60 Arf Kit,https://havochobby.in/products/mustang-dago-red-60-plane-kit
533,407,peacemaker-2-control-line,havochobby,0,31380,kit,not stated,owner: check the listing; shown as not stated,PEACEMAKER 2 C/L MODEL,https://havochobby.in/products/peacemaker-2-c-l-model
331,399,phoenix-model-p-40-kitty-hawk,havochobby,1,45410,kit,arf,keep kit: shown as ARF from the title,"Phoenix Model P-40 Kitty Hawk .91/15CC GP/Gas/EP ARF 64"" - 1:7",https://havochobby.in/products/phoenix-model-p-40-kitty-hawk-91-15cc-gp-gas-ep-arf-64-1-8
519,399,phoenix-model-p-40-kitty-hawk,havochobby,1,117430,kit,arf,keep kit: shown as ARF from the title,Phoenix Model P-40 Kitty Hawk ARF Nitro,https://havochobby.in/products/phoenix-model-p-40-kitty-hawk-nitro-rtf
330,398,phoenix-model-p-40-warhawk,havochobby,0,67540,kit,arf,keep kit: shown as ARF from the title,"Phoenix Model P-40 Warhawk 30-35cc Gas/EP ARF 80"" - 1:4 3/4",https://havochobby.in/products/phoenix-model-p-40-warhawk-30-35cc-gas-ep-arf-80-1-4-3-5
572,440,phoenix-model-p-51-mustang-61-91,havochobby,0,43620,kit,arf,keep kit: shown as ARF from the title,Phoenix P51 Mustang .61-.91 ARF Kit,https://havochobby.in/products/phoenix-p51-mustang-61-91-arf-kit
553,422,pilot-rc-columbia-400-150-er,havochobby,0,510970,kit,not stated,owner: check the listing; shown as not stated,"Pilot Rc Columbia 400-150"" Er Version Scheme No 02",https://havochobby.in/products/pilot-rc-columbia-400-150-er-version-scheme-no-02
552,161,pilot-rc-extra-ng-78,havochobby,0,85070,kit,not stated,owner: check the listing; shown as not stated,"Pilot Rc Extra Ng 78"" Color No.03",https://havochobby.in/products/pilot-rc-extra-ng-78-color-no-03
541,413,pilot-rc-laser-88,havochobby,0,145840,kit,not stated,owner: check the listing; shown as not stated,"Pilot Rc Laser 88"" Model Plane No.02",https://havochobby.in/products/pilot-rc-laser-88-model-plane-no-02
622,508,pilot-rc-pitts-challenger-73-scheme-03,havochobby,0,157940,kit,not stated,owner: check the listing; shown as not stated,"Pilot Rc Pitts Chellenger 73"" Scheme No 03",https://havochobby.in/products/pilot-rc-pitts-chellenger-73-scheme-no-03
549,420,pilot-rc-slick-103,havochobby,0,201160,kit,not stated,owner: check the listing; shown as not stated,"Pilot Rc Slick 103"" Scheme No 02",https://havochobby.in/products/pilot-rc-slick-103-color-scheme-02
551,160,pilot-rc-slick-74,havochobby,0,123110,kit,not stated,owner: check the listing; shown as not stated,"Pilot Rc Slick 74""",https://havochobby.in/products/pilot-rc-slick-74
431,322,premier-silver,havochobby,1,23370,kit,arf,keep kit: shown as ARF from the title,Rc Airplane Electric Premier Silver Arf,https://havochobby.in/products/rc-airplane-electric-premier-silver
434,325,premiere-balsa-red-blue,havochobby,0,19470,kit,arf,keep kit: shown as ARF from the title,Rc Airplane Electric Premiere Balsa Red & Blue Arf,https://havochobby.in/products/rc-airplane-electric-premiere-balsa-red-blue-arf
433,324,premiere-balsa-yellow-grey,havochobby,0,19470,kit,arf,keep kit: shown as ARF from the title,Rc Airplane Electric Premiere Balsa Yellow & Grey Arf,https://havochobby.in/products/rc-airplane-electric-premiere-balsa-yellow-grey-arf
319,248,qidi-560-m7,havochobby,1,19470,kit,not stated,owner: check the listing; shown as not stated,CROSS-COUNTRY AIRCRAFT QIDI-560 M7 51.2CM WING SPAN 37CM FUSELAGE (BLUE),https://havochobby.in/products/cross-country-aircraft-qidi-560-m7-blue-color
320,123,qidi-cross-country-aircraft-qidi-560-m7-51-2cm-wing-span-37c,havochobby,1,19470,kit,not stated,owner: check the listing; shown as not stated,CROSS-COUNTRY AIRCRAFT QIDI-560 M7 51.2CM WING SPAN 37CM FUSELAGE (RED),https://havochobby.in/products/cross-country-aircraft-qidi-560-m7-red-color
517,397,saito-pt-40,havochobby,0,75760,kit,arf,keep kit: shown as ARF from the title,Rc Airplane Saito Pt40 Nitro Plane Arf,https://havochobby.in/products/rc-airplane-saito-pt40-nitro-plane-arf
432,323,school-marm-electric,havochobby,0,19470,kit,arf,keep kit: shown as ARF from the title,Rc Airplane School Marm Electric Arf,https://havochobby.in/products/rc-airplane-school-marm-electric-arf
501,186,seagull-boomerang-v3-trainer-61,havochobby,0,17900,kit,arf,keep kit: shown as ARF from the title,Seagull Boomerang V3 Trainer 61 ARF 46 2 Stroke kit,https://havochobby.in/products/seagull-boomerang-v3-trainer-61-arf-46-2-stroke
334,172,seagull-classic-ugly-stick-71,havochobby,0,56420,kit,arf,keep kit: shown as ARF from the title,"SEAGULL CLASSIC UGLY STICK BLUE 71"" ARF",https://havochobby.in/products/seagull-classic-ugly-stick-blue-71-arf
513,173,seagull-edge-540-68,havochobby,1,32250,kit,not stated,owner: check the listing; shown as not stated,SEAGULL EDGE-540 .60-.90 (15-20CC) 1.73M 68 SEA54N,https://havochobby.in/products/seagull-edge-540-60-90-15-20cc-1-73m-68
502,185,seagull-low-wing-sport-v2-60,havochobby,1,18790,kit,arf,keep kit: shown as ARF from the title,Seagull Low Wing Sport V2 60 ARF 46 2-Stroke,https://havochobby.in/products/seagull-low-wing-sport-v2-60-arf-46-2-stroke
509,185,seagull-low-wing-sport-v2-60,havochobby,0,90910,kit,arf,keep kit: shown as ARF from the title,SEAGULL LOW WING SPORT V2 60 INCH 46 2-STROKE NITRO,https://havochobby.in/products/seagull-low-wing-sport-v2-60-arf-46-2-stroke-nitro
578,185,seagull-low-wing-sport-v2-60,havochobby,1,22720,kit,arf,keep kit: shown as ARF from the title,Rc Airplane Seagull Low Wing Nitro Model Arf,https://havochobby.in/products/rc-airplane-seagull-low-wing-nitro-model-arf
503,216,seagull-models-arising-star-v2-trainer-46,havochobby,1,18790,kit,arf,keep kit: shown as ARF from the title,Seagull Arising Star 46Size High Wing Trainer ARF KIT,https://havochobby.in/products/seagull-arising-star-46size-high-wing-trainer-arf
511,346,seagull-models-cessna-aerobat-80,havochobby,1,58000,kit,arf,keep kit: shown as ARF from the title,"SEAGULL CESSNA 152 AEROBAT 80"" 15-20CC (.75-.91 NITRO) ARF",https://havochobby.in/products/seagull-cessna-152-aerobat-80-15-20cc-75-91-nitro-arf
561,208,seagull-models-funfly-3d-46,havochobby,1,29920,kit,arf,keep kit: shown as ARF from the title,"SEAGULL SEA40 FUNFLY  3D 50.4""ARF .46-55 2-STROKE KIT",https://havochobby.in/products/seagull-sea40-funfly-3d-50-4arf-46-55-2-stroke-kit
560,428,seagull-models-nieuport-28-biplane-68,havochobby,0,52540,kit,arf,keep kit: shown as ARF from the title,"SEAGULL SEA303 NIEUPORT 28 REPLICA BI-PLANE 68""ARF 20CC KIT",https://havochobby.in/products/seagull-sea303-nieuport-28-replica-bi-plane-68arf-20cc-kit
508,433,seagull-models-p-51d-charlotte-s-chariot-ii-71,havochobby,1,378780,kit,arf,keep kit: shown as ARF from the title,"SEAGULL P-51D CHARLOTTE’S CHARIOT II 71"" 30CC ARF NITRO PLANE",https://havochobby.in/products/aseagull-p-51d-charlotte-s-chariot-ii-71-30cc-arf-nitro-plane
565,433,seagull-models-p-51d-charlotte-s-chariot-ii-71,havochobby,0,151180,kit,arf,keep kit: shown as ARF from the title,"SEAGULL P-51D CHARLOTTE’S CHARIOT II 71"" 30CC ARF KITS",https://havochobby.in/products/seagull-p-51d-charlotte-s-chariot-ii-71-30cc-arf
564,432,seagull-models-pilatus-pc-9-63,havochobby,1,38940,kit,arf,keep kit: shown as ARF from the title,"SEAGULL SEA401 PILATUS PC9 63"" ARF 10CC RED&WHITE KIT",https://havochobby.in/products/seagull-sea12-pilatus-pc9-roulette63-arf-46-55-2-stroke-kit
442,333,seagull-models-seagull-2,havochobby,0,18880,kit,not stated,owner: check the listing; shown as not stated,SEAGULL 2 RC PLANE,https://havochobby.in/products/seagull-2-rc-plane
333,164,seagull-nemesis-nxt-f1-80,havochobby,0,114790,kit,arf,keep kit: shown as ARF from the title,"SEAGULL NEMESIS NXT F1 AIR RACE 80.5"" ARF 50-60CC",https://havochobby.in/products/seagull-nemesis-nxt-f1-air-race-80-5-arf-50-60cc
538,164,seagull-nemesis-nxt-f1-80,havochobby,1,284090,kit,arf,keep kit: shown as ARF from the title,"SEAGULL NEMESIS NXT F1 AIR RACE 80.5"" ARF 50-60CC GASOLINE",https://havochobby.in/products/nemesis-nxt-big-frog-white-arf-seagull-models
323,150,seagull-shock-cub-102,havochobby,1,126550,kit,arf,keep kit: shown as ARF from the title,SEAGULL SHOCK CUB YELLOW 35-55CC ARF KIT,https://havochobby.in/products/seagull-shock-cub-yellow-35-55cc-arf
507,150,seagull-shock-cub-102,havochobby,1,417930,kit,arf,keep kit: shown as ARF from the title,SEAGULL SHOCK CUB YELLOW 55CC PETROL ARF,https://havochobby.in/products/seagull-shock-cub-yellow-35-55cc-nitro-arf
424,315,sebart-mini-l-39-albatross-90mm-edf,havochobby,0,130970,kit,not stated,owner: check the listing; shown as not stated,SebArt Mini L39 Albatross - EDF 90mm 6S or Turbine P20,https://havochobby.in/products/sebart-mini-l39-albatross-edf-90mm-6s-or-turbine-p20-1
556,425,sky-surfer,havochobby,0,13760,kit,arf,keep kit: shown as ARF from the title,Rc Airplane Sky Surfer Arf,https://havochobby.in/products/rc-airplane-sky-surfer-arf
441,332,skybee-senior-2,havochobby,0,6070,kit,not stated,owner: check the listing; shown as not stated,SKYBEE SENIOR 2 RC PLANE,https://havochobby.in/products/skybee-senior-2-rc-plane-1
496,380,skywing-falcon-2-1m-orange,havochobby,0,434770,kit,not stated,owner: check the listing; shown as not stated,Falcon 2.1M Jet Orange-82,https://havochobby.in/products/falcon-2-1m-jet-orange-82
544,183,spacewalker-ii-63,havochobby,0,43650,kit,not stated,owner: check the listing; shown as not stated,SPACEWALKER RC PLANE,https://havochobby.in/products/spacewalker-rc-plane
571,439,sparrow,havochobby,0,5030,kit,arf,keep kit: shown as ARF from the title,Rc Airplane Sparrow Model Arf,https://havochobby.in/products/rc-airplane-sparrow-model-arf-1
583,451,thunder-tiger-ak-9-55,havochobby,1,51280,kit,arf,keep kit: shown as ARF from the title,"Thunder Tiger 9 Ak 55"" Plane Arf - Rc",https://havochobby.in/products/thunder-tiger-9-ak-55-plane-arf-rc
422,313,thunder-tiger-velocity-ii,havochobby,1,19470,kit,not stated,owner: check the listing; shown as not stated,Thunder Tiger Velocity Ii Plane - Rc,https://havochobby.in/products/thunder-tiger-velocity-ii-plane
581,449,trainer-60-yellow-black,havochobby,1,24670,kit,arf,keep kit: shown as ARF from the title,Rc Airplane Trainer 60 Nitro Model Arf Yellow / Black Arf,https://havochobby.in/products/rc-airplane-trainer-60-nitro-model-arf-yellow-black
579,447,trainer-60-yellow-red,havochobby,1,24670,kit,arf,keep kit: shown as ARF from the title,Rc Airplane Trainer 60 Nitro Model Arf-Yellow/Red Arf,https://havochobby.in/products/rc-airplane-trainer-60-nitro-model-arf-yellow-red
550,421,ultra-stick-30cc,havochobby,0,72880,kit,arf,keep kit: shown as ARF from the title,ULTRA STICK AEROMODEL 30CC GAS ARF,https://havochobby.in/products/arf-aeromodel-ultra-stick30cc-gas
609,513,unbranded-lazer-46-arf-61,havochobby,0,18110,kit,arf,keep kit: shown as ARF from the title,Arf Aeromodel Lazer (.46Engine) (Kit),https://havochobby.in/products/arf-aeromodel-lazer-46engine
329,254,vmar-cessna-182-skylane-63-5in,havochobby,0,50630,kit,arf,keep kit: shown as ARF from the title,CESSNA 182 SKYLANE ARF KIT - QUALITY PREOWNED,https://havochobby.in/products/cessna-182-skylane-arf-kit
310,126,volantex-rc-jet-f-16-falcon-2-ch-rc-plane-red,havochobby,1,11360,kit,not stated,owner: check the listing; shown as not stated,VOLANTEX RC JET F-16 FALCON 2 CH RC PLANE RED,https://havochobby.in/products/volantex-rc-jet-f-16-falcon-2-ch-rc-plane-red
327,120,volantex-rc-mustang-p-51d,havochobby,0,17040,kit,not stated,owner: check the listing; shown as not stated,VOLANTEX RC MUSTANG P-51D,https://havochobby.in/products/volamtex-rc-mustang-p-51d-1
311,129,volantex-rc-ranger-600,havochobby,1,23370,kit,rtf,set config to 'rtf' (in SQL),RC AIRPLANE VOLANTEX RANGER 600 BLACK STUNT RTF,https://havochobby.in/products/rc-airplane-volantex-ranger-600-black-stunt-rtf
322,129,volantex-rc-ranger-600,havochobby,1,23370,kit,rtf,set config to 'rtf' (in SQL),RC AIRPLANE VOLANTEX RANGER 600 WHITE STUNT RTF,https://havochobby.in/products/rc-airplane-volantex-ranger-600-white-stunt-rtf
325,121,volantex-rc-sport-cub-s2,havochobby,1,17040,kit,not stated,owner: check the listing; shown as not stated,VOLANTEX RC SPORT CUB S2,https://havochobby.in/products/volamtex-rc-sport-cub-s2
308,124,wltoys-f959s-sky-king-2-4g-3ch-6-axis-rtf-rc-airplane-blue,havochobby,1,12850,kit,rtf,set config to 'rtf' (in SQL),WLTOYS F959S SKY-KING 2.4G 3CH 6-AXIS RTF RC AIRPLANE ORANGE,https://havochobby.in/products/wltoys-f959s-sky-king-2-4g-3ch-6-axis-rtf-rc-airplane-orange
318,124,wltoys-f959s-sky-king-2-4g-3ch-6-axis-rtf-rc-airplane-blue,havochobby,1,12850,kit,rtf,set config to 'rtf' (in SQL),WLTOYS F959S SKY-KING 2.4G 3CH 6-AXIS RTF RC AIRPLANE BLUE,https://havochobby.in/products/wltoys-f959s-sky-king-2-4g-3ch-6-axis-rtf-rc-airplane-blue
526,401,xc1,havochobby,0,106820,kit,combo,set config to 'combo' (in SQL),Rc Aircraft Xc1 Model With Electronics Arf,https://havochobby.in/products/rc-aircraft-xc1-model-with-electronics-arf
576,444,yak-54-45-5,havochobby,0,29210,kit,not stated,owner: check the listing; shown as not stated,Yak 54 45.5'' Nitro/Electric RC Airplane Blue,https://havochobby.in/products/yak-54-45-5-nitro-electric-rc-airplane-blue
338,262,zohd-dart-250g,havochobby,0,17660,kit,not stated,owner: check the listing; shown as not stated,Rc Airplane Zohd Dart 250G,https://havochobby.in/products/rc-airplane-zohd-dart-250g
264,186,seagull-boomerang-v3-trainer-61,kalsimodels,1,15700,kit,arf,keep kit: shown as ARF from the title,SEAGULL Boomerang V3 Trainer 61″ ARF .46 2-Stroke,https://kalsimodels.com/product/seagull-boomerang-v3-trainer-61%e2%80%b3-arf-46-2-stroke
253,173,seagull-edge-540-68,kalsimodels,1,29200,kit,arf,keep kit: shown as ARF from the title,SEAGULL Edge 540 68.2″ ARF 15-20cc,https://kalsimodels.com/product/seagull-edge-540-68-2%e2%80%b3-arf-15-20cc
262,185,seagull-low-wing-sport-v2-60,kalsimodels,1,17450,kit,arf,keep kit: shown as ARF from the title,SEAGULL 40 Low Wing V2 60″ ARF .46 2-Stroke,https://kalsimodels.com/product/seagull-40-low-wing-v2-60%e2%80%b3-arf-46-2-stroke
265,216,seagull-models-arising-star-v2-trainer-46,kalsimodels,1,15500,kit,arf,keep kit: shown as ARF from the title,SEAGULL Arising Star V2 Trainer 63″ ARF .46 2-Stroke,https://kalsimodels.com/product/seagull-arising-star-v2-trainer-63%e2%80%b3-arf-46-2-stroke
254,205,seagull-models-cap-232-10-15cc,kalsimodels,1,22000,kit,arf,keep kit: shown as ARF from the title,SEAGULL Cap 232 57″ ARF 10-15cc,https://kalsimodels.com/product/seagull-cap-232-57%e2%80%b3-arf-10-15cc
259,431,seagull-models-extra-330s-63,kalsimodels,1,31150,kit,arf,keep kit: shown as ARF from the title,SEAGULL Extra 300S 62.5″ ARF .61-.75 2-Stroke,https://kalsimodels.com/product/seagull-extra-300s-62-5%e2%80%b3-arf-61-75-2-stroke
257,208,seagull-models-funfly-3d-46,kalsimodels,1,24890,kit,arf,keep kit: shown as ARF from the title,SEAGULL Funfly 3D 50.4″ ARF .46 2-Stroke,https://kalsimodels.com/product/seagull-funfly-3d-54-2%e2%80%b3-arf-46-2-stroke
256,207,seagull-models-isport-10-15cc,kalsimodels,1,26000,kit,arf,keep kit: shown as ARF from the title,SEAGULL iSport 65″ ARF 10-15cc,https://kalsimodels.com/product/seagull-isport-65%e2%80%b3-arf-10-15cc
260,432,seagull-models-pilatus-pc-9-63,kalsimodels,1,22500,kit,arf,keep kit: shown as ARF from the title,SEAGULL PC-9 Pilatus 60.6″ ARF .46-.55 2-Stroke,https://kalsimodels.com/product/seagull-pc-9-pilatus-60-6%e2%80%b3-arf-46-55-2-stroke
258,209,seagull-models-piper-cub-20cc,kalsimodels,0,28900,kit,arf,keep kit: shown as ARF from the title,SEAGULL Piper Cub 88.2″ ARF 20CC,https://kalsimodels.com/product/seagull-piper-cub-88-2%e2%80%b3-arf-20cc
261,212,seagull-models-space-walker-ii-46,kalsimodels,1,22250,kit,arf,keep kit: shown as ARF from the title,SEAGULL Space Walker II 63″ ARF .46 2-Stroke,https://kalsimodels.com/product/seagull-space-walker-ii-63%e2%80%b3-arf-46-2-stroke
255,165,seagull-p-47d-little-bunny-55,kalsimodels,1,34750,kit,arf,keep kit: shown as ARF from the title,SEAGULL P-47D Little Bunny 55″ ARF 10cc,https://kalsimodels.com/product/seagull-p-47d-little-bunny-55%e2%80%b3-arf-10cc
263,189,seagull-swift-v2-trainer-63,kalsimodels,1,15900,kit,arf,keep kit: shown as ARF from the title,SEAGULL Swift V2 Trainer 63″ ARF .46 2-Stroke,https://kalsimodels.com/product/seagull-swift-v2-trainer-63%e2%80%b3-arf-46-2-stroke
406,311,robosynckits-rc-plane-fixed-wing-kit,robosynckits,1,2500,kit,not stated,owner: check the listing; shown as not stated,RC Plane Fix wing Kits,https://robosynckits.in/product/rc-plane-fix-wing-kits
71,15,heewing-t1-ranger,tujorc,1,19999,kit,pnp,set config to 'pnp' (in SQL),HEEWING  T1 Ranger – PNP PRO GRY,https://tujorc.com/product/heewing-t1-ranger-pnp-pro-gry
37,106,flite-test-guinea-pig,vortex-rc,1,2999,kit,not stated,owner: check the listing; shown as not stated,Guinea Pig,https://www.vortex-rc.com/product/ft-guinea-pig
35,104,flite-test-mustang,vortex-rc,1,2299,kit,not stated,owner: check the listing; shown as not stated,Mustang,https://www.vortex-rc.com/product/ft-mustang
38,107,flite-test-old-fogey,vortex-rc,1,1899,kit,not stated,owner: check the listing; shown as not stated,Old Fogey,https://www.vortex-rc.com/product/ft-old-fogey
36,105,flite-test-spitfire,vortex-rc,1,1999,kit,not stated,owner: check the listing; shown as not stated,Spitfire,https://www.vortex-rc.com/product/ft-spitfire
39,108,flite-test-storch,vortex-rc,1,2999,kit,not stated,owner: check the listing; shown as not stated,Storch,https://www.vortex-rc.com/product/ft-storch
34,103,flite-test-viggen,vortex-rc,1,2499,kit,not stated,owner: check the listing; shown as not stated,Viggen,https://www.vortex-rc.com/product/ft-viggen
195,112,vortex-rc-3-pack-swappable-nutball-flyer-and-delta,vortex-rc,1,2350,kit,not stated,owner: check the listing; shown as not stated,"3 Pack Swappable (Nutball, Flyer and Delta)",https://www.vortex-rc.com/product/3-pack-swappable-nutball-flyer-delta
4,87,vortex-rc-aerostar,vortex-rc,0,6100,kit,not stated,owner: check the listing; shown as not stated,Aerostar,https://www.vortex-rc.com/product/epp-aerostar-aerobatic-rc-plane-1070mm
201,201,vortex-rc-allrounder-intermediate-wing,vortex-rc,0,1900,kit,not stated,owner: check the listing; shown as not stated,VT-Allrounder with Intermediate wing,https://www.vortex-rc.com/product/vt-allrounder-with-intermediate-wing
16,96,vortex-rc-batman-plank,vortex-rc,1,2799,kit,not stated,owner: check the listing; shown as not stated,Batman – Plank,https://www.vortex-rc.com/product/batman-plank-rc-plane
2,85,vortex-rc-batman-v2,vortex-rc,1,2799,kit,not stated,owner: check the listing; shown as not stated,Batman V2,https://www.vortex-rc.com/product/batman-v2
22,100,vortex-rc-chiquita-100,vortex-rc,1,2899,kit,not stated,owner: check the listing; shown as not stated,1000mm EPP HD Wing,https://www.vortex-rc.com/product/chiquita-100-1meter-fpv-wing
3,86,vortex-rc-epp-3d-profile,vortex-rc,0,1950,kit,not stated,owner: check the listing; shown as not stated,EPP 3D Profile,https://www.vortex-rc.com/product/epp-profile-3d-rc-plane-740mm
192,115,vortex-rc-ft-cruiser,vortex-rc,1,2699,kit,not stated,owner: check the listing; shown as not stated,FT Cruiser,https://www.vortex-rc.com/product/ft-cruiser
15,95,vortex-rc-interceptor-100,vortex-rc,1,2999,kit,not stated,owner: check the listing; shown as not stated,Interceptor -100,https://www.vortex-rc.com/product/interceptor-epp-1050mm-rc-flying-wing
14,94,vortex-rc-interceptor-160,vortex-rc,0,10000,kit,not stated,owner: check the listing; shown as not stated,Interceptor – 160,https://www.vortex-rc.com/product/interceptor-160
12,92,vortex-rc-mapper-v4,vortex-rc,1,5500,kit,not stated,owner: check the listing; shown as not stated,Mapper V4 (1400MM),https://www.vortex-rc.com/product/mapper-v4-1400mm
28,102,vortex-rc-micro-bee,vortex-rc,1,1650,kit,not stated,owner: check the listing; shown as not stated,Micro Bee 600mm,https://www.vortex-rc.com/product/tuffbirds-micro-bee-600mm-epp-fpv-flying-wing
193,114,vortex-rc-spear,vortex-rc,1,2299,kit,not stated,owner: check the listing; shown as not stated,Spear,https://www.vortex-rc.com/product/ft-spear
27,101,vortex-rc-spec-racer,vortex-rc,1,2699,kit,not stated,owner: check the listing; shown as not stated,SPEC RACER 900mm,https://www.vortex-rc.com/product/fpvwra-spec-racer-epp-fpv-flying-wing
19,99,vortex-rc-speedster-ep,vortex-rc,1,2850,kit,not stated,owner: check the listing; shown as not stated,Speedster-EP,https://www.vortex-rc.com/product/speedster-ep
7,89,vortex-rc-super-trainer,vortex-rc,1,2900,kit,not stated,owner: check the listing; shown as not stated,Super Trainer EPP,https://www.vortex-rc.com/product/super-trainer-epp-rc-plane
5,88,vortex-rc-super-twin,vortex-rc,1,5500,kit,not stated,owner: check the listing; shown as not stated,VT-Super Twin,https://www.vortex-rc.com/product/epp-super-twin-1400mm-rc-plane
26,79,vortex-rc-tuffstar,vortex-rc,1,2360,kit,not stated,owner: check the listing; shown as not stated,TuffStar* EPP Trainer,https://www.vortex-rc.com/product/tuffstar-1500mm-epp-trainer-rc-plane
6,78,vortex-rc-tuffstar-trainer-v2,vortex-rc,1,3250,kit,not stated,owner: check the listing; shown as not stated,TuffStar* EPP Trainer V2,https://www.vortex-rc.com/product/tuffstar-epp-trainer-v2
17,97,vortex-rc-vt-allrounder-v4,vortex-rc,1,1900,kit,not stated,owner: check the listing; shown as not stated,VT-Allrounder V4,https://www.vortex-rc.com/product/vt-allrounder-v4
8,90,vortex-rc-vt-allrounder-v5,vortex-rc,1,1900,kit,not stated,owner: check the listing; shown as not stated,VT-Allrounder V5,https://www.vortex-rc.com/product/vt-allrounder-v5
10,91,vortex-rc-vt-simple-trainer,vortex-rc,1,1650,kit,not stated,owner: check the listing; shown as not stated,VT-Simple Trainer,https://www.vortex-rc.com/product/vt-simple-trainer
13,93,vortex-rc-vt-speedster-v2,vortex-rc,0,1100,kit,not stated,owner: check the listing; shown as not stated,VT-Speedster V2,https://www.vortex-rc.com/product/vt-speedster-v2-fpv-flying-wing
