id,slug,in_stock,live_sellers,current_brand,current_name,proposed_brand,proposed_name,issue,evidence_seller_titles,confidence,in_sql,note
119,heewing-hunter-j20-pnp-kit,1,1,HEEWING,hunter j20 pnp kit,(keep),Hunter J20,"seller title (lower case, config words)","uavmarketplace.in: ""heewing hunter j20 pnp kit"" (in)",high,yes,"HEEWING Hunter series naming (Hunter F22, Hunter Su27); ""pnp kit"" is the listing config, not the model"
121,volantex-rc-sport-cub-s2,1,2,Volantex,RC SPORT CUB S2,(keep),Sport Cub S2,seller title in capitals,"havochobby.in: ""VOLANTEX RC SPORT CUB S2"" (in); flyingmachines.in: ""VolantexRC Sport Cub S2 Beginner RC Plane – 3CH RTF Trainer with XPilot Stabilization"" (in)",high,yes,"flyingmachines.in names it ""VolantexRC Sport Cub S2"""
124,wltoys-f959s-sky-king-2-4g-3ch-6-axis-rtf-rc-airplane-blue,1,2,WLtoys,F959S SKY-KING 2.4G 3CH 6-AXIS RTF RC AIRPLANE BLUE,(keep),F959S Sky King,"seller title (radio spec, RTF, colour)","robosynckits.in: ""Wltoys F959 Sky-King 2.4G 3CH Radio Control RC Airplane Aircraft RTF (Red)"" (in); havochobby.in: ""WLTOYS F959S SKY-KING 2.4G 3CH 6-AXIS RTF RC AIRPLANE BLUE"" (in); havochobby.in: ""WLTOYS F959S SKY-KING 2.4G 3CH 6-AXIS RTF RC AIRPLANE ORANGE"" (in)",high,yes,"colour and radio spec belong to the listing; #273 ""Skyking"" (flyingmachines.in, 750mm, brandless) is probably the same plane: merge after rec 6"
130,volantex-rc-trainstar-ascent-1400mm-747-8-pnp-unleash-superi,1,1,Volantex,RC Trainstar Ascent 1400mm 747-8 PNP: Unleash Superior Perfo,(keep),Trainstar Ascent 1400mm (747-8),"seller slogan (""Unleash Superior Perfo…""), cut at 60 characters","flyingmachines.in: ""Volantex RC Trainstar Ascent 1400mm 747-8 PNP: Unleash Superior Performance and Control"" (in)",high,yes,"Volantex model code 747-8 kept, as on #249/#252"
132,volantex-rc-phoenix-2000-v2-soar-to-new-heights-with-precisi,1,1,Volantex,RC Phoenix 2000 V2: Soar to New Heights with Precision and P,(keep),Phoenix 2000 V2,"seller slogan (""Soar to New Heights…""), cut at 60 characters","flyingmachines.in: ""Volantex RC Phoenix 2000 V2: Soar to New Heights with Precision and Power"" (in)",high,yes,
134,volantex-rc-phoenix-s-4-channel-glider-with-1600mm-wingspan-,1,1,Volantex,RC Phoenix S 4 Channel Glider with 1600MM Wingspan and Strea,(keep),Phoenix S 1600mm (742-7),seller title cut at 60 characters,"flyingmachines.in: ""Volantex RC Phoenix S 4 Channel Glider with 1600MM Wingspan and Streamline ABS Plastic Fuselage 742-7 PNP"" (in)",high,yes,model code 742-7 from the full seller title
135,volantex-ranger-2000-v757-8-2000mm-wingspan-epo-fpv-aircraft,1,1,Volantex,Ranger 2000 V757-8 2000mm Wingspan EPO FPV Aircraft RC Airpl,(keep),Ranger 2000 (757-8),seller title cut at 60 characters,"flyingmachines.in: ""Volantex Ranger 2000 V757-8 2000mm Wingspan EPO FPV Aircraft RC Airplane PNP"" (in)",high,yes,
137,volantex-rc-asw28-v2-2-6m-plastic-unibody-scale-glider-759-1,1,1,Volantex,RC ASW28 V2 2.6m Plastic Unibody Scale Glider 759-1 PNP,(keep),ASW28 V2 2.6m (759-1),"seller title (material, config)","flyingmachines.in: ""Volantex RC ASW28 V2 2.6m Plastic Unibody Scale Glider 759-1 PNP"" (in)",high,yes,
138,volantex-rc-phoenix-2400-6-channel-glider-with-2400-mm-wings,0,0,Volantex,RC Phoenix 2400 6 Channel Glider With 2400 mm Wings 759-3 PN,(keep),Phoenix 2400 (759-3),seller title cut at 60 characters (out of stock),"flyingmachines.in: ""Volantex RC Phoenix 2400 6 Channel Glider With 2400 mm Wings 759-3 PNP"" (oos)",high,yes,
139,volantex-rc-t-28-trojan-4ch-airplane-with-xpilot-stabilizer,1,1,Volantex,RC T-28 Trojan 4CH Airplane with Xpilot Stabilizer,(keep),T-28 Trojan (761-9),"seller title (""with Xpilot Stabilizer"")","flyingmachines.in: ""VolantexRC T-28 Trojan 4CH Airplane with Xpilot Stabilizer – One-Key Aerobatic (761-9 RTF)"" (in)",high,yes,model code 761-9 from the seller title
140,volantex-rc-mini-trainstar-400mm-6-axis-gyro-airplane-761-1-,1,1,Volantex,RC Mini Trainstar 400mm 6-Axis Gyro Airplane 761-1 RTF,(keep),Mini Trainstar (761-1),"seller title (gyro, RTF)","flyingmachines.in: ""Volantex RC Mini Trainstar 400mm 6-Axis Gyro Airplane 761-1 RTF"" (in)",high,yes,
141,volantex-rc-mustang-p51d-750mm-warbird-768-1-rtf,1,1,Volantex,RC Mustang P51D 750mm Warbird 768-1 RTF,(keep),P-51D Mustang 750mm (768-1),"seller title (""Warbird"", RTF)","flyingmachines.in: ""Volantex RC Mustang P51D 750mm Warbird 768-1 RTF – Beginner-Friendly Aerobatic RC Airplane"" (in)",high,yes,distinct from the 400mm P-51D (761-5)
143,volantex-rc-p-51d-mustang-beginner-rc-airplane-with-stabiliz,1,1,Volantex,RC P-51D Mustang Beginner RC Airplane with Stabilization,(keep),P-51D Mustang 400mm,"seller title (""Beginner RC Airplane with Stabilization"")","flyingmachines.in: ""VolantexRC P-51D Mustang Beginner RC Airplane with Stabilization – Ready-to-Fly"" (in)",merge,no,"probably the same 400mm 761-5 as #252 ""P-51D Mustang V2 (761-5)"" and #120: owner confirms, then merge (rec 6)"
120,volantex-rc-mustang-p-51d,0,0,Volantex,RC MUSTANG P-51D,(keep),P-51D Mustang,seller title in capitals (out of stock),"havochobby.in: ""VOLANTEX RC MUSTANG P-51D"" (oos)",merge,no,"havochobby.in ""VOLANTEX RC MUSTANG P-51D"": likely #252 (761-5); merge rather than rename"
126,volantex-rc-jet-f-16-falcon-2-ch-rc-plane-red,1,2,Volantex,RC JET F-16 FALCON 2 CH RC PLANE RED,(keep),F-16 Falcon (2CH),"seller title in capitals (colour, channel count)","havochobby.in: ""VOLANTEX RC JET F-16 FALCON 2 CH RC PLANE RED"" (in); flyingmachines.in: ""VolantexRC F-16 Fighting Falcon RC Jet – Ready-to-Fly Trainer Jet with LED Lights & Xpilot Stabilizer"" (in)",medium,no,"havochobby.in lists a 2CH red F-16; #249 is the 4CH 761-10. The flyingmachines.in offer on this master (""F-16 Fighting Falcon RC Jet"") may be the 4CH one: owner checks the offer before renaming"
499,volantex-rc-sport-cub-gyro-2ch-remote-control-airplane,1,1,Volantex,RC Sport Cub Gyro 2CH Remote Control Airplane,(keep),"Sport Cub (2CH, gyro)","seller title (""for Beginners … Remote Control Airplane"")","flyingmachines.in: ""VOLANTEXRC Sport Cub RC Plane for Beginners Gyro 2CH Remote Control Airplane"" (in)",medium,no,"Volantex also has #226 Sport Cub 500 (761-4, 4CH) and #121 Sport Cub S2 (3CH); confirm which 2CH model this is"
123,qidi-cross-country-aircraft-qidi-560-m7-51-2cm-wing-span-37c,1,1,QIDI,CROSS-COUNTRY AIRCRAFT QIDI-560 M7 51.2CM WING SPAN 37CM FUS,(keep),560 M7 (red),"seller title in capitals, cut at 60 characters","havochobby.in: ""CROSS-COUNTRY AIRCRAFT QIDI-560 M7 51.2CM WING SPAN 37CM FUSELAGE (RED)"" (in)",high,yes,"colour kept only until the merge: #123 (red), #248 (blue) and #17 ""560 Maule M7"" are one airframe (510-512mm); merge after rec 6"
248,qidi-560-m7,1,1,,QIDI-560 M7,QIDI,560 M7 (blue),brandless,"havochobby.in: ""CROSS-COUNTRY AIRCRAFT QIDI-560 M7 51.2CM WING SPAN 37CM FUSELAGE (BLUE)"" (in)",high,yes,"seller title ""CROSS-COUNTRY AIRCRAFT QIDI-560 M7"" names QIDI; see #123"
491,xuwing-fpv-xbird-800mm-kit-version,1,1,XUWING,FPV XBIRD 800MM KIT VERSION,(keep),XBird 800mm,"seller title in capitals (""FPV … KIT VERSION"")","anubisrc.com: ""XUWING FPV XBIRD 800MM KIT VERSION"" (in)",high,yes,kit is the listing config
492,xuwing-albabird-1100mm-v2-kit,1,1,XUWING,ALBABIRD 1100MM V2 KIT,(keep),Albabird 1100mm V2,"seller title in capitals (""KIT"")","anubisrc.com: ""XUWING ALBABIRD 1100MM V2 KIT"" (in)",high,yes,distinct from #72 Albabird-XL VTOL
489,fms-ta-horizons-37-fancy-extra-kit-green-blue-kit,1,1,,"Ta Horizons 37"" Fancy Extra Kit(Green/Blue) kit",TA Horizons,Fancy Extra 37in,"brandless; seller title with colour and ""Kit … kit""","havochobby.in: ""Ta Horizons 37"" Fancy Extra Kit(Green/Blue) kit"" (in); havochobby.in: ""Ta Horizons 37"" Fancy Extra Kit(Turquoise/Pink) kit"" (oos); havochobby.in: ""Ta Horizons 37"" Fancy Extra Kit(Red/White) kit"" (oos)",high,yes,"the seller title starts ""Ta Horizons 37\"" Fancy Extra""; the master holds four colour listings, so colour stays off the name"
460,33-laser-z2300-kit-only-rt-scheme,1,1,,Laser Z2300 33% (RT scheme),TA Horizons,Laser Z2300 33in (RT scheme),"brandless; ""33%"" for a 33in plane","tahorizons.com: ""33 laser z2300 kit only rt scheme"" (in); tahorizons.com: ""33 laser z2300 pnp combo rt scheme"" (in)",high,yes,"sold by tahorizons.com, TA Horizons' own shop; the owner already brands this line TA Horizons (#424 STOL X 40"", #509 Pro Extra V2 Ultralight 34in, #510 Wicked Slick Pro 37in, #511 Wicked Slick 37in); span 838mm = 33in: the seller's ""33"" is inches, not a 33% scale (a 33% Laser spans about 2.6m)"
461,33-laser-z2300-kit-only-sh-scheme,1,1,,Laser Z2300 33% (SH scheme),TA Horizons,Laser Z2300 33in (SH scheme),"brandless; ""33%"" for a 33in plane","tahorizons.com: ""33 laser z2300 kit only sh scheme"" (in); tahorizons.com: ""33 laser z2300 pnp combo sh scheme"" (in)",high,yes,"sold by tahorizons.com, TA Horizons' own shop; the owner already brands this line TA Horizons (#424 STOL X 40"", #509 Pro Extra V2 Ultralight 34in, #510 Wicked Slick Pro 37in, #511 Wicked Slick 37in); span 838mm = 33in: the seller's ""33"" is inches, not a 33% scale (a 33% Laser spans about 2.6m)"
464,37-laser-z2300-pnp-combo,1,1,,Laser Z2300 37%,TA Horizons,Laser Z2300 37in,"brandless; ""37%"" for a 37in plane","tahorizons.com: ""37 laser z2300 pnp combo"" (in); tahorizons.com: ""37 laser z2300 kit only"" (in)",high,yes,"sold by tahorizons.com, TA Horizons' own shop; the owner already brands this line TA Horizons (#424 STOL X 40"", #509 Pro Extra V2 Ultralight 34in, #510 Wicked Slick Pro 37in, #511 Wicked Slick 37in); span 940mm = 37in: the seller's ""37"" is inches, not a 37% scale"
467,37-laser-z2300-kit-only-rr-scheme,1,1,,Laser Z2300 37% (RR scheme),TA Horizons,Laser Z2300 37in (RR scheme),"brandless; ""37%"" for a 37in plane","tahorizons.com: ""37 laser z2300 kit only rr scheme"" (in); tahorizons.com: ""37 laser z2300 pnp combo rr scheme"" (in)",high,yes,"sold by tahorizons.com, TA Horizons' own shop; the owner already brands this line TA Horizons (#424 STOL X 40"", #509 Pro Extra V2 Ultralight 34in, #510 Wicked Slick Pro 37in, #511 Wicked Slick 37in); span 940mm = 37in: the seller's ""37"" is inches, not a 37% scale; scheme variants of #464, merge after rec 6"
469,37-extra-sx-kit-only-aj-scheme,1,1,,Extra SX 37% (AJ scheme),TA Horizons,Extra SX 37in (AJ scheme),"brandless; ""37%"" for a 37in plane","tahorizons.com: ""37 extra sx kit only aj scheme"" (in); tahorizons.com: ""37 extra sx pnp combo aj scheme"" (in)",high,yes,"sold by tahorizons.com, TA Horizons' own shop; the owner already brands this line TA Horizons (#424 STOL X 40"", #509 Pro Extra V2 Ultralight 34in, #510 Wicked Slick Pro 37in, #511 Wicked Slick 37in); span 940mm = 37in: the seller's ""37"" is inches, not a 37% scale"
474,33-wicked-slick-pro-v2-kit-only-aj-scheme,1,1,,Wicked Slick Pro V2 33% (AJ scheme),TA Horizons,Wicked Slick Pro V2 33in (AJ scheme),"brandless; ""33%"" for a 33in plane","tahorizons.com: ""33 wicked slick pro v2 kit only aj scheme"" (in); tahorizons.com: ""33 wicked slick pro v2 pnp combo aj scheme"" (in)",high,yes,"sold by tahorizons.com, TA Horizons' own shop; the owner already brands this line TA Horizons (#424 STOL X 40"", #509 Pro Extra V2 Ultralight 34in, #510 Wicked Slick Pro 37in, #511 Wicked Slick 37in); span 838mm = 33in: the seller's ""33"" is inches, not a 33% scale (a 33% Laser spans about 2.6m)"
476,33-wicked-slick-pro-kit-only,1,1,,Wicked Slick Pro 33%,TA Horizons,Wicked Slick Pro 33in,"brandless; ""33%"" for a 33in plane","tahorizons.com: ""33 wicked slick pro pnp combo introductory offer"" (in); tahorizons.com: ""33 wicked slick pro kit only"" (in)",high,yes,"sold by tahorizons.com, TA Horizons' own shop; the owner already brands this line TA Horizons (#424 STOL X 40"", #509 Pro Extra V2 Ultralight 34in, #510 Wicked Slick Pro 37in, #511 Wicked Slick 37in); span 838mm = 33in: the seller's ""33"" is inches, not a 33% scale (a 33% Laser spans about 2.6m)"
480,37-wicked-slick-pro-v2-kit-only-aj-scheme,1,1,,Wicked Slick Pro V2 37% (AJ scheme),TA Horizons,Wicked Slick Pro V2 37in (AJ scheme),"brandless; ""37%"" for a 37in plane","tahorizons.com: ""37 wicked slick pro v2 pnp combo aj scheme"" (in); tahorizons.com: ""37 wicked slick pro v2 kit only aj scheme"" (in)",high,yes,"sold by tahorizons.com, TA Horizons' own shop; the owner already brands this line TA Horizons (#424 STOL X 40"", #509 Pro Extra V2 Ultralight 34in, #510 Wicked Slick Pro 37in, #511 Wicked Slick 37in); span 940mm = 37in: the seller's ""37"" is inches, not a 37% scale"
481,33-mighty-edge-kit-only,1,1,,Mighty Edge 33%,TA Horizons,Mighty Edge 33in,"brandless; ""33%"" for a 33in plane","tahorizons.com: ""33 mighty edge kit only"" (in); tahorizons.com: ""33 mighty edge pnp combo"" (in)",high,yes,"sold by tahorizons.com, TA Horizons' own shop; the owner already brands this line TA Horizons (#424 STOL X 40"", #509 Pro Extra V2 Ultralight 34in, #510 Wicked Slick Pro 37in, #511 Wicked Slick 37in); span 838mm = 33in: the seller's ""33"" is inches, not a 33% scale (a 33% Laser spans about 2.6m)"
459,34-pro-extra-v3-ultralight-3d-4d-kit-only,1,1,,34 pro extra v3 ultralight 3d 4d kit only,TA Horizons,Pro Extra V3 Ultralight 34in,"brandless; seller title in lower case (""kit only"")","tahorizons.com: ""34 pro extra v3 ultralight 3d 4d kit only"" (in)",high,yes,"sold by tahorizons.com, TA Horizons' own shop; the owner already brands this line TA Horizons (#424 STOL X 40"", #509 Pro Extra V2 Ultralight 34in, #510 Wicked Slick Pro 37in, #511 Wicked Slick 37in); span 864mm = 34in"
462,34-pro-extra-v3-3d-4d-pnp-combo,1,1,,34 pro extra v3 3d 4d pnp combo,TA Horizons,Pro Extra V3 34in,"brandless; seller title in lower case (""pnp combo"")","tahorizons.com: ""34 pro extra v3 3d 4d pnp combo"" (in)",high,yes,"sold by tahorizons.com, TA Horizons' own shop; the owner already brands this line TA Horizons (#424 STOL X 40"", #509 Pro Extra V2 Ultralight 34in, #510 Wicked Slick Pro 37in, #511 Wicked Slick 37in); span 864mm = 34in; may be the PNP of #459: owner decides whether to merge"
320,stol-x-40in,1,1,,STOL X 40in,TA Horizons,(keep),brandless,"havochobby.in: ""Rc Airplane Stol X (Orange/Blue) 40"" Electric Rtf"" (in)",high,yes,"havochobby.in URL is /products/ta-horizon-40-stol-x-orange-blue-rtf; same plane as #424 TA Horizons ""STOL X 40\"""" (a colour/config variant): with the brand set, the dedup finder can pair them; merge after rec 6"
321,extra-ng-37in-3d,1,1,,Extra NG 37in 3D,TA Horizons,Extra NG 37in,brandless,"havochobby.in: ""Extra Ng(Red) 37"" 3D Electric Plane Rtf"" (in)",high,yes,"havochobby.in URL is /products/ta-horizons-37-extra-ng-red-electric-rtf; ""3D"" dropped (the Type row says it)"
463,raf-1-epp-3d-jet-pnp-combo,1,1,,RAF-1 EPP 3D Jet,TA Horizons,(keep),brandless,"tahorizons.com: ""raf 1 epp 3d jet pnp combo"" (in); tahorizons.com: ""raf 1 epp 3d jet kit only"" (in)",medium,no,"sold only by tahorizons.com; not one of the lines the owner has already branded, so confirm TA Horizons makes it"
475,tsar-junior-f3p-epp-3d-pnp-combo,1,1,,Tsar Junior F3P EPP 3D,TA Horizons,(keep),brandless,"tahorizons.com: ""tsar junior f3p epp 3d pnp combo"" (in); tahorizons.com: ""tsar junior f3p epp 3d kit only"" (in)",medium,no,sold only by tahorizons.com; confirm TA Horizons makes the Tsar Junior F3P
483,dynam-37-stol-x-v2-kit-only,1,1,Dynam,STOL-X V2 37%,TA Horizons,STOL-X V2 37in,"brand Dynam on a tahorizons.com listing; ""37%"" for a 37in plane","tahorizons.com: ""37 stol x v2 kit only"" (in); tahorizons.com: ""37 stol x v2 pnp combo"" (in)",owner,no,"the STOL X line is TA Horizons (#424); changing an existing brand is the owner's call. span 940mm = 37in: the seller's ""37"" is inches, not a 37% scale"
455,dynam-37-stol-x-v2-camouflage-scheme-kit-only,1,1,Dynam,37 stol x v2 camouflage scheme kit only,TA Horizons,STOL-X V2 37in (camouflage),"seller title in lower case (""kit only""); brand Dynam doubtful","tahorizons.com: ""37 stol x v2 camouflage scheme kit only"" (in)",merge,no,kit of the camouflage scheme; #457 is its PNP combo: one master with kit and PNP configs (rec 6)
457,dynam-37-stol-x-v2-camouflage-scheme-pnp-combo,1,1,Dynam,37 stol x v2 camouflage scheme pnp combo,TA Horizons,STOL-X V2 37in (camouflage),"seller title in lower case (""pnp combo""); brand Dynam doubtful","tahorizons.com: ""37 stol x v2 camouflage scheme pnp combo"" (in)",merge,no,"PNP of #455: merge, do not rename both (brand+name must stay unique)"
456,dynam-37-mighty-edge-kit-only,1,1,Dynam,37 mighty edge kit only,TA Horizons,Mighty Edge 37in,"seller title in lower case (""kit only""); brand Dynam doubtful","tahorizons.com: ""37 mighty edge kit only"" (in)",merge,no,kit of #478 (PNP combo): merge into one master with two configs (rec 6)
478,dynam-37-mighty-edge-pnp-combo,1,1,Dynam,37 mighty edge pnp combo,TA Horizons,Mighty Edge 37in,"seller title in lower case (""pnp combo""); brand Dynam doubtful","tahorizons.com: ""37 mighty edge pnp combo"" (in)",merge,no,PNP of #456
458,dynam-37-laser-230z-kit-only-aj-scheme,1,1,Dynam,37 laser 230z kit only aj scheme,TA Horizons,Laser 230Z 37in (AJ scheme),"seller title in lower case (""kit only""); brand Dynam doubtful","tahorizons.com: ""37 laser 230z kit only aj scheme"" (in); tahorizons.com: ""37 laser 230z pnp combo aj scheme"" (in)",owner,no,holds both the kit and the PNP listing already; confirm the maker
496,skywalker-pitts-model-12-epp-3d-kit-only,1,1,Skywalker,pitts model 12 epp 3d kit only,(keep),Pitts Model 12 EPP 3D,"seller title in lower case (""kit only"")","tahorizons.com: ""pitts model 12 epp 3d kit only"" (in)",merge,no,"kit of #497; brand Skywalker unconfirmed (tahorizons.com listing). Both carry the FPV / Flying Wing tag, which a Pitts biplane should not (FPV = intent): owner reviews the tag"
497,skywalker-pitts-model-12-epp-3d-pnp-combo,1,1,Skywalker,pitts model 12 epp 3d pnp combo,(keep),Pitts Model 12 EPP 3D,"seller title in lower case (""pnp combo"")","tahorizons.com: ""pitts model 12 epp 3d pnp combo"" (in)",merge,no,PNP of #496
490,fms-arf-aeromodel-excite-1-46engine,1,1,Arf,Arf Aeromodel Excite-1 (.46Engine),(none),Excite-1,"brand ""Arf"" is the word ARF (almost ready to fly), repeated in the name","havochobby.in: ""Arf Aeromodel Excite-1 (.46Engine)"" (in)",merge,no,"same model as #441 ""Excite-1"" (havochobby.in ""Arf Aeromodel Excite-1 (Kit)""): merge, since renaming would collide with #441"
487,fms-peace-maker-control-line-kit,1,1,FMS,PEACE MAKER CONTROL LINE KIT,(keep),Peacemaker (control line),seller title in capitals; brand FMS unconfirmed,"havochobby.in: ""PEACE MAKER CONTROL LINE KIT"" (in)",merge,no,"same title as #408 ""Peacemaker (Control Line)"" (brandless, out of stock); FMS does not list a control-line Peacemaker: owner decides the brand and merges"
488,fms-peacemaker-c-l-model,1,1,FMS,PEACEMAKER C/L MODEL,(keep),Peacemaker (control line),seller title in capitals; brand FMS unconfirmed,"havochobby.in: ""PEACEMAKER C/L MODEL"" (in)",merge,no,"havochobby.in ""PEACEMAKER C/L MODEL"": same as #487/#408, or the Peacemaker 2 (#407)?"
116,aeromodellingtutor-pt19-sparingly-used-model-like-new,1,1,Aeromodellingtutor,PT19 Sparingly used model like NEW,(keep),PT-19,"condition in the name (""Sparingly used model like NEW"")","aeromodellingtutor.in: ""PT19 Sparingly used model like NEW"" (in)",high,yes,"the pre-owned badge comes from the listing title (conditionOf), so it stays on the page and the card. Brand ""Aeromodellingtutor"" is the seller: owner may want the real maker"
117,aeromodellingtutor-cute-stick-balsa-kit-580mm,1,1,Aeromodellingtutor,Cute Stick Balsa Kit 580mm,(keep),Cute Stick 580mm,"config in the name (""Balsa Kit"")","aeromodellingtutor.in: ""Cute Stick Balsa Kit 580mm"" (in)",medium,no,kit is the listing config
118,aeromodellingtutor-laser-230-all-d-kit,1,1,Aeromodellingtutor,Laser 230 All D Kit,(keep),Laser 230 All D,"config in the name (""Kit"")","aeromodellingtutor.in: ""Laser 230 All D Kit"" (in)",medium,no,"""All D"" meaning unclear; owner confirms"
494,aeromodellingtutor-diy-cessna-trainer-rc-airplane-kit,1,1,Aeromodellingtutor,DIY Cessna Trainer RC Airplane Kit,(keep),DIY Cessna Trainer 1000mm,"seller title (""RC Airplane Kit"")","aeromodellingtutor.in: ""DIY Cessna Trainer RC Airplane Kit - 1000mm Wingspan"" (in)",medium,no,
110,vortex-rc-bloody-baron-lasercut-kit,1,1,Vortex-RC,Bloody Baron Lasercut kit,(keep),Bloody Baron,"config in the name (""Lasercut kit"")","vortex-rc.com: ""Bloody Baron Lasercut kit"" (in)",medium,no,"a Flite Test design sold as a Vortex-RC foamboard kit; ""FT Bloody Baron"" is the design name"
111,vortex-rc-ft-explorer-lasercut-kit,1,1,Vortex-RC,FT-Explorer Lasercut kit,(keep),FT Explorer,"config in the name (""Lasercut kit"")","vortex-rc.com: ""FT-Explorer Lasercut kit"" (in)",medium,no,"Flite Test design, Vortex-RC kit"
113,vortex-rc-f-22-raptor-speed-build-kit,1,1,Vortex-RC,F-22 Raptor Speed Build Kit,(keep),F-22 Raptor Speed Build,"config in the name (""Kit"")","vortex-rc.com: ""F-22 Raptor Speed Build Kit"" (in)",medium,no,"Flite Test ""speed build kit"" is the product line name; owner may prefer to keep ""Kit"""
377,j11-pro-stunt-jet-white,1,1,,J11-Pro Stunt Jet (White),(keep),(keep),brandless; colour variant (white) of #378,"havochobby.in: ""RC AIRPLANE J11-PRO STUNT JET RTF 6 CH BRUSHLESS MOTOR WITH GYRO STABILIZER WHITE"" (in)",merge,no,"havochobby.in ""J11-PRO STUNT JET … WHITE/BLUE"": one master with two colours; maker not stated"
378,j11-pro-stunt-jet-blue,1,1,,J11-Pro Stunt Jet (Blue),(keep),(keep),brandless; colour variant (blue) of #377,"havochobby.in: ""RC AIRPLANE J11-PRO STUNT JET RTF 6 CH BRUSHLESS MOTOR WITH GYRO STABILIZER BLUE"" (in)",merge,no,
447,trainer-60-yellow-red,1,1,,Trainer 60 (Yellow/Red),(keep),(keep),brandless; colour variant of #449,"havochobby.in: ""Rc Airplane Trainer 60 Nitro Model Arf-Yellow/Red Arf"" (in)",merge,no,"Trainer 60 yellow/red and yellow/black: one master (spans conflict: 1727 vs 1803mm, owner checks)"
449,trainer-60-yellow-black,1,1,,Trainer 60 (Yellow/Black),(keep),(keep),brandless; colour variant of #447,"havochobby.in: ""Rc Airplane Trainer 60 Nitro Model Arf Yellow / Black Arf"" (in)",merge,no,
291,rc-factory-veloxity-red,1,1,RC Factory,Veloxity Red,(keep),Veloxity,"colour in the name (""Red""), while the in-stock listing is green","aeromodellingtutor.in: ""RC FACTORY VELOXITY GREEN"" (oos); aeromodellingtutor.in: ""RC FACTORY VELOXITY GREEN WITH MOTOR ESC PROP SERVOS"" (in); aeromodellingtutor.in: ""RC FACTORY VELOXITY RED WITH MOTOR ESC PROP SERVOS"" (oos)",medium,no,the master holds red and green listings; colour belongs to the listing
312,extreme-flight-outlaw-36in-blue,1,1,Extreme Flight,Outlaw 36in Blue,(keep),Outlaw 36in,"colour in the name (""Blue"")","havochobby.in: ""Extreme Flight 36"" Electric Outlaw Blue Rtf Kit"" (in); havochobby.in: ""Extreme Flight 36"" Electric Outlaw Blue ARF Kit"" (oos)",merge,no,"#343 ""Electric Outlaw Red"" (out of stock) is the red scheme: merge, then drop the colour"
219,su-27-depron-jet,1,1,,SU-27 Depron Jet,(none),(keep),brandless,"flyingmachines.in: ""SU27 RC Plane DIY Kit – Premium Quality High-Speed Depron Jet for Enthusiasts"" (in)",owner,no,flyingmachines.in DIY depron kit; no maker named. FlyingMachines brands some of its own kits (#223-#225): owner decides whether these are house kits
269,su-27-scale-jet,1,1,,Su-27 Scale Jet,(none),(keep),brandless,"flyingmachines.in: ""Sukhoi SU-27 Jet Fighter RC Airplane – High-Performance Scale Jet"" (in)",owner,no,"flyingmachines.in ""Sukhoi SU-27 Jet Fighter RC Airplane"": no maker named"
267,zy-530-pro-stunt-plane,1,1,,ZY-530 Pro Stunt Plane,(none),(keep),brandless,"havochobby.in: ""Toy Rc Aircraft Stunt Flying Speed Plane Zy-530 Pro"" (in)",owner,no,"havochobby.in ""Toy Rc Aircraft … Zy-530 Pro"": generic toy, maker not stated"
292,balsa-diy-glider,1,1,,Balsa DIY Glider,(none),(keep),brandless,"aeromodellingtutor.in: ""Balsa DIY Glider kit Beginner/ Aerobatic"" (in)",owner,no,"aeromodellingtutor.in balsa kit; may be the shop's own kit (brand Aeromodellingtutor, as #117/#118)"
349,low-wing-sport-46-balsa-1400mm,1,1,,Low Wing Sport .46 Balsa 1400mm,(none),(keep),brandless,"aeromodellingtutor.in: ""Low wing Sport .46 Balsa Kit 1400mm"" (in)",owner,no,aeromodellingtutor.in balsa kit; may be the shop's own kit
308,cub-yellow-biplane-4ch,1,1,,Cub Yellow Biplane 4CH,(none),(keep),brandless,"aeromodellingtutor.in: ""Cub Yellow Biplane 4 Channel RTF Combo"" (in)",owner,no,aeromodellingtutor.in RTF combo; maker not stated
352,high-wing-trainer-1-6m-ngh-gt9-pro,1,1,,High Wing Trainer 1.6M (NGH GT9-PRO),(none),(keep),brandless,"aeromodellingtutor.in: ""Nitro High Wing 1.6M Trainer ARF with NGH GT9-PRO Petrol Engine"" (in)",owner,no,"NGH is the engine, not the airframe maker"
319,honda-jet-ha-420-electric,1,1,,Honda Jet HA-420 Electric,(none),(keep),brandless,"havochobby.in: ""Rc Plane Honda Jet Ha-420 Electric Rtf-Quality Pre Owned"" (in)",owner,no,pre-owned listing; maker not stated
322,premier-silver,1,1,,Premier Silver,(none),(keep),brandless,"havochobby.in: ""Rc Airplane Electric Premier Silver Arf"" (in)",owner,no,"havochobby.in ""Premier Silver Arf""; maker not stated"
331,airbus-a320-emirates-twin-70mm-edf,1,1,,Airbus A320 Emirates Twin 70mm EDF,(none),(keep),brandless,"havochobby.in: ""Air Bus A 320 Big - Emirates (Electric Large)"" (in)",owner,no,"havochobby.in ""Air Bus A 320 Big - Emirates""; maker not stated"
359,delta-wing,1,1,,Delta Wing,(none),(keep),brandless,"aeromodellingtutor.in: ""Nitro Delta Wing RTF OS 61 + Hatori Tune Pipe (Pre-owned)"" (in)",owner,no,pre-owned nitro delta; maker not stated
365,senior-telemaster,1,1,,Senior Telemaster,(none),(keep),brandless,"aeromodellingtutor.in: ""Senior Telemaster (Pre-owned)"" (in)",owner,no,pre-owned; the Senior Telemaster design has had several kit makers
397,saito-pt-40,1,1,,Saito PT-40,(none),(keep),brandless,"havochobby.in: ""Rc Airplane Saito Pt40 Nitro Plane Arf"" (oos); havochobby.in: ""Rc Airplane Saito Pt40 Nitro Plane Rtf"" (in); havochobby.in: ""Rc Airplane Saito Pt40 Nitro Plane Rtf"" (oos)",owner,no,Saito is an engine maker; the airframe maker is not stated
400,excite-ii,1,1,,Excite II,(none),(keep),brandless,"havochobby.in: ""Rc Airplane Excite-Ii Nitro Rtf"" (in); havochobby.in: ""Arf Aeromodel Excite-2 (Kit)"" (oos); havochobby.in: ""Arf Aeromodel Excite-Ii (.65 Engine)"" (oos)",owner,no,"""Arf Aeromodel"" in the titles is not a brand; maker not stated"
450,miss-universe,1,1,,Miss Universe,(none),(keep),brandless,"havochobby.in: ""Rc Airplane Miss Universe Nitro Model Arf"" (in); havochobby.in: ""MISS UNIVERSE RC PLANE"" (oos)",owner,no,maker not stated
311,robosynckits-rc-plane-fixed-wing-kit,1,1,Robosynckits,RC Plane Fixed Wing Kit,(keep),(keep),"seller name as brand (""Robosynckits""), generic name","robosynckits.in: ""RC Plane Fix wing Kits"" (in)",owner,no,"robosynckits.in ""RC Plane Fix wing Kits"": generic; owner decides whether it stays public"
